Image,Class
image7761.jpg,Snowman
image3202.jpg,Miscellaneous
image688.jpg,Christmas_Tree
image233.jpg,Christmas_Tree
image4332.jpg,Christmas_Tree
image1263.jpg,Christmas_Tree
image4929.jpg,Miscellaneous
image1273.jpg,Miscellaneous
image427.jpg,Christmas_Tree
image8802.jpg,Miscellaneous
image476.jpg,Miscellaneous
image1220.jpg,Airplane
image4964.jpg,Christmas_Tree
image2181.jpg,Jacket
image6352.jpg,Miscellaneous
image8597.jpg,Miscellaneous
image9417.jpg,Snowman
image5321.jpg,Miscellaneous
image3440.jpg,Miscellaneous
image9640.jpg,Miscellaneous
image9462.jpg,Candle
image9881.jpg,Christmas_Tree
image2400.jpg,Miscellaneous
image1809.jpg,Miscellaneous
image8013.jpg,Miscellaneous
image4357.jpg,Christmas_Tree
image4481.jpg,Candle
image3975.jpg,Candle
image7479.jpg,Miscellaneous
image2915.jpg,Miscellaneous
image1516.jpg,Airplane
image571.jpg,Snowman
image8898.jpg,Airplane
image4646.jpg,Jacket
image2676.jpg,Christmas_Tree
image596.jpg,Candle
image5354.jpg,Miscellaneous
image9522.jpg,Miscellaneous
image6389.jpg,Candle
image2919.jpg,Candle
image1951.jpg,Snowman
image8058.jpg,Airplane
image9705.jpg,Miscellaneous
image5000.jpg,Miscellaneous
image1747.jpg,Christmas_Tree
image8909.jpg,Candle
image4289.jpg,Miscellaneous
image4114.jpg,Snowman
image9241.jpg,Christmas_Tree
image5802.jpg,Miscellaneous
image5971.jpg,Christmas_Tree
image5226.jpg,Snowman
image5267.jpg,Miscellaneous
image472.jpg,Candle
image27.jpg,Candle
image2446.jpg,Christmas_Tree
image1502.jpg,Miscellaneous
image4054.jpg,Miscellaneous
image585.jpg,Candle
image9960.jpg,Candle
image6037.jpg,Candle
image664.jpg,Christmas_Tree
image9524.jpg,Jacket
image8903.jpg,Christmas_Tree
image854.jpg,Miscellaneous
image8396.jpg,Miscellaneous
image8991.jpg,Miscellaneous
image5040.jpg,Miscellaneous
image7873.jpg,Jacket
image7863.jpg,Miscellaneous
image830.jpg,Christmas_Tree
image3693.jpg,Miscellaneous
image8347.jpg,Miscellaneous
image9687.jpg,Snowman
image7991.jpg,Christmas_Tree
image3569.jpg,Candle
image4316.jpg,Miscellaneous
image7687.jpg,Candle
image4548.jpg,Candle
image2542.jpg,Miscellaneous
image1358.jpg,Miscellaneous
image9123.jpg,Airplane
image2771.jpg,Candle
image1180.jpg,Miscellaneous
image3009.jpg,Miscellaneous
image3771.jpg,Miscellaneous
image6555.jpg,Christmas_Tree
image1259.jpg,Miscellaneous
image4847.jpg,Miscellaneous
image2621.jpg,Christmas_Tree
image4193.jpg,Jacket
image715.jpg,Miscellaneous
image8558.jpg,Miscellaneous
image4921.jpg,Airplane
image2153.jpg,Miscellaneous
image1739.jpg,Snowman
image3831.jpg,Miscellaneous
image9270.jpg,Christmas_Tree
image8376.jpg,Miscellaneous
image7199.jpg,Christmas_Tree
image9657.jpg,Christmas_Tree
image8702.jpg,Miscellaneous
image2605.jpg,Miscellaneous
image8645.jpg,Snowman
image9579.jpg,Snowman
image6040.jpg,Miscellaneous
image2966.jpg,Snowman
image5864.jpg,Snowman
image1049.jpg,Candle
image1228.jpg,Christmas_Tree
image4986.jpg,Miscellaneous
image9000.jpg,Christmas_Tree
image4383.jpg,Miscellaneous
image8420.jpg,Miscellaneous
image7650.jpg,Miscellaneous
image5323.jpg,Candle
image394.jpg,Candle
image3254.jpg,Christmas_Tree
image460.jpg,Miscellaneous
image6249.jpg,Snowman
image2123.jpg,Jacket
image8712.jpg,Snowman
image4264.jpg,Miscellaneous
image1935.jpg,Jacket
image2480.jpg,Miscellaneous
image7165.jpg,Miscellaneous
image9217.jpg,Miscellaneous
image4648.jpg,Snowman
image8967.jpg,Christmas_Tree
image1433.jpg,Miscellaneous
image2572.jpg,Miscellaneous
image2727.jpg,Miscellaneous
image5342.jpg,Jacket
image4156.jpg,Miscellaneous
image7515.jpg,Christmas_Tree
image2029.jpg,Snowman
image7393.jpg,Snowman
image7715.jpg,Miscellaneous
image8839.jpg,Miscellaneous
image3230.jpg,Miscellaneous
image7587.jpg,Jacket
image9140.jpg,Christmas_Tree
image3329.jpg,Candle
image2145.jpg,Miscellaneous
image300.jpg,Christmas_Tree
image7615.jpg,Miscellaneous
image7824.jpg,Airplane
image7358.jpg,Miscellaneous
image3678.jpg,Christmas_Tree
image9507.jpg,Christmas_Tree
image9603.jpg,Miscellaneous
image3145.jpg,Jacket
image245.jpg,Snowman
image297.jpg,Christmas_Tree
image6193.jpg,Miscellaneous
image1251.jpg,Miscellaneous
image7711.jpg,Miscellaneous
image146.jpg,Miscellaneous
image991.jpg,Christmas_Tree
image2827.jpg,Snowman
image8611.jpg,Christmas_Tree
image1422.jpg,Candle
image2649.jpg,Snowman
image6104.jpg,Airplane
image7988.jpg,Airplane
image5271.jpg,Snowman
image8770.jpg,Christmas_Tree
image3328.jpg,Miscellaneous
image2183.jpg,Miscellaneous
image4673.jpg,Christmas_Tree
image8612.jpg,Christmas_Tree
image3018.jpg,Miscellaneous
image5621.jpg,Miscellaneous
image3118.jpg,Miscellaneous
image8975.jpg,Miscellaneous
image4098.jpg,Jacket
image7975.jpg,Miscellaneous
image2331.jpg,Miscellaneous
image3120.jpg,Snowman
image292.jpg,Miscellaneous
image3071.jpg,Christmas_Tree
image8446.jpg,Miscellaneous
image8108.jpg,Miscellaneous
image2081.jpg,Miscellaneous
image5677.jpg,Snowman
image2291.jpg,Christmas_Tree
image8824.jpg,Miscellaneous
image9124.jpg,Christmas_Tree
image9082.jpg,Miscellaneous
image925.jpg,Miscellaneous
image8130.jpg,Snowman
image8784.jpg,Snowman
image9107.jpg,Miscellaneous
image8756.jpg,Snowman
image2681.jpg,Christmas_Tree
image5108.jpg,Snowman
image4246.jpg,Snowman
image5360.jpg,Miscellaneous
image1029.jpg,Christmas_Tree
image8833.jpg,Miscellaneous
image886.jpg,Snowman
image8647.jpg,Miscellaneous
image985.jpg,Miscellaneous
image9006.jpg,Candle
image7686.jpg,Miscellaneous
image8251.jpg,Jacket
image5552.jpg,Candle
image6449.jpg,Christmas_Tree
image7124.jpg,Miscellaneous
image3466.jpg,Jacket
image1298.jpg,Miscellaneous
image2198.jpg,Miscellaneous
image1034.jpg,Miscellaneous
image2021.jpg,Christmas_Tree
image6859.jpg,Miscellaneous
image2852.jpg,Jacket
image3696.jpg,Miscellaneous
image5141.jpg,Snowman
image1965.jpg,Christmas_Tree
image1666.jpg,Miscellaneous
image2475.jpg,Jacket
image9244.jpg,Christmas_Tree
image8588.jpg,Snowman
image9927.jpg,Miscellaneous
image5350.jpg,Christmas_Tree
image2488.jpg,Christmas_Tree
image8417.jpg,Christmas_Tree
image1078.jpg,Miscellaneous
image2983.jpg,Miscellaneous
image5344.jpg,Airplane
image6320.jpg,Christmas_Tree
image1410.jpg,Christmas_Tree
image9719.jpg,Snowman
image6321.jpg,Snowman
image2312.jpg,Snowman
image1125.jpg,Snowman
image8096.jpg,Miscellaneous
image8774.jpg,Miscellaneous
image9517.jpg,Airplane
image7908.jpg,Miscellaneous
image3541.jpg,Miscellaneous
image1073.jpg,Snowman
image7239.jpg,Miscellaneous
image3822.jpg,Miscellaneous
image9196.jpg,Miscellaneous
image5507.jpg,Miscellaneous
image5471.jpg,Christmas_Tree
image1555.jpg,Miscellaneous
image9408.jpg,Miscellaneous
image2716.jpg,Snowman
image4186.jpg,Christmas_Tree
image1787.jpg,Miscellaneous
image693.jpg,Miscellaneous
image5160.jpg,Airplane
image455.jpg,Airplane
image4326.jpg,Snowman
image2673.jpg,Christmas_Tree
image9490.jpg,Miscellaneous
image4683.jpg,Airplane
image5737.jpg,Christmas_Tree
image3996.jpg,Miscellaneous
image7957.jpg,Snowman
image2026.jpg,Miscellaneous
image9775.jpg,Miscellaneous
image881.jpg,Miscellaneous
image3962.jpg,Jacket
image4712.jpg,Miscellaneous
image8064.jpg,Candle
image7452.jpg,Miscellaneous
image3395.jpg,Miscellaneous
image2688.jpg,Miscellaneous
image9229.jpg,Candle
image1743.jpg,Christmas_Tree
image959.jpg,Jacket
image2002.jpg,Jacket
image2324.jpg,Miscellaneous
image3937.jpg,Airplane
image4867.jpg,Miscellaneous
image217.jpg,Candle
image7366.jpg,Christmas_Tree
image5913.jpg,Snowman
image5401.jpg,Miscellaneous
image3306.jpg,Miscellaneous
image9219.jpg,Christmas_Tree
image8633.jpg,Candle
image1491.jpg,Miscellaneous
image9418.jpg,Miscellaneous
image6042.jpg,Candle
image7660.jpg,Snowman
image8580.jpg,Candle
image7550.jpg,Jacket
image3584.jpg,Miscellaneous
image4679.jpg,Christmas_Tree
image8071.jpg,Snowman
image2615.jpg,Jacket
image5567.jpg,Christmas_Tree
image1282.jpg,Miscellaneous
image5064.jpg,Miscellaneous
image4589.jpg,Snowman
image3556.jpg,Miscellaneous
image6502.jpg,Miscellaneous
image302.jpg,Snowman
image4082.jpg,Candle
image9644.jpg,Miscellaneous
image1035.jpg,Miscellaneous
image6903.jpg,Jacket
image289.jpg,Miscellaneous
image7903.jpg,Snowman
image6488.jpg,Jacket
image406.jpg,Miscellaneous
image6802.jpg,Miscellaneous
image7427.jpg,Jacket
image2510.jpg,Miscellaneous
image1818.jpg,Christmas_Tree
image2908.jpg,Christmas_Tree
image9608.jpg,Snowman
image4977.jpg,Snowman
image5458.jpg,Candle
image3040.jpg,Christmas_Tree
image8874.jpg,Candle
image791.jpg,Miscellaneous
image3761.jpg,Miscellaneous
image4426.jpg,Snowman
image65.jpg,Miscellaneous
image8782.jpg,Christmas_Tree
image9097.jpg,Snowman
image3748.jpg,Miscellaneous
image4757.jpg,Miscellaneous
image7336.jpg,Airplane
image9519.jpg,Miscellaneous
image5346.jpg,Candle
image2003.jpg,Miscellaneous
image8554.jpg,Airplane
image9174.jpg,Christmas_Tree
image6198.jpg,Miscellaneous
image9750.jpg,Christmas_Tree
image5464.jpg,Snowman
image2247.jpg,Christmas_Tree
image3041.jpg,Snowman
image3514.jpg,Miscellaneous
image8538.jpg,Snowman
image8582.jpg,Jacket
image2528.jpg,Snowman
image7378.jpg,Miscellaneous
image671.jpg,Snowman
image8662.jpg,Miscellaneous
image1611.jpg,Jacket
image818.jpg,Miscellaneous
image5291.jpg,Miscellaneous
image3990.jpg,Snowman
image9046.jpg,Miscellaneous
image9266.jpg,Miscellaneous
image3657.jpg,Miscellaneous
image2196.jpg,Miscellaneous
image1289.jpg,Airplane
image1045.jpg,Miscellaneous
image8263.jpg,Miscellaneous
image6926.jpg,Jacket
image8596.jpg,Miscellaneous
image1765.jpg,Snowman
image4318.jpg,Miscellaneous
image8456.jpg,Christmas_Tree
image4659.jpg,Christmas_Tree
image1323.jpg,Miscellaneous
image7049.jpg,Christmas_Tree
image6038.jpg,Miscellaneous
image5457.jpg,Candle
image8279.jpg,Miscellaneous
image4391.jpg,Christmas_Tree
image1821.jpg,Miscellaneous
image5813.jpg,Miscellaneous
image4451.jpg,Snowman
image9224.jpg,Miscellaneous
image4529.jpg,Airplane
image2140.jpg,Christmas_Tree
image3436.jpg,Miscellaneous
image2603.jpg,Candle
image2011.jpg,Jacket
image1023.jpg,Miscellaneous
image8863.jpg,Snowman
image6527.jpg,Miscellaneous
image5572.jpg,Christmas_Tree
image3223.jpg,Miscellaneous
image2227.jpg,Christmas_Tree
image9426.jpg,Christmas_Tree
image5355.jpg,Christmas_Tree
image5593.jpg,Jacket
image3167.jpg,Christmas_Tree
image5617.jpg,Christmas_Tree
image9510.jpg,Jacket
image6147.jpg,Jacket
image6314.jpg,Candle
image1419.jpg,Miscellaneous
image7084.jpg,Miscellaneous
image7153.jpg,Airplane
image8812.jpg,Candle
image4945.jpg,Snowman
image340.jpg,Snowman
image7058.jpg,Miscellaneous
image4799.jpg,Christmas_Tree
image8945.jpg,Miscellaneous
image8176.jpg,Snowman
image5694.jpg,Jacket
image1417.jpg,Snowman
image6749.jpg,Miscellaneous
image4174.jpg,Miscellaneous
image7477.jpg,Candle
image7716.jpg,Miscellaneous
image1817.jpg,Christmas_Tree
image7206.jpg,Miscellaneous
image4528.jpg,Miscellaneous
image105.jpg,Airplane
image1841.jpg,Miscellaneous
image655.jpg,Miscellaneous
image4965.jpg,Christmas_Tree
image613.jpg,Candle
image5848.jpg,Miscellaneous
image8594.jpg,Miscellaneous
image7075.jpg,Christmas_Tree
image519.jpg,Miscellaneous
image9673.jpg,Christmas_Tree
image62.jpg,Jacket
image8280.jpg,Miscellaneous
image9163.jpg,Miscellaneous
image8117.jpg,Miscellaneous
image7895.jpg,Candle
image2819.jpg,Christmas_Tree
image2790.jpg,Miscellaneous
image2895.jpg,Jacket
image9215.jpg,Miscellaneous
image4593.jpg,Christmas_Tree
image2452.jpg,Miscellaneous
image3475.jpg,Miscellaneous
image3757.jpg,Miscellaneous
image6450.jpg,Miscellaneous
image9166.jpg,Snowman
image203.jpg,Christmas_Tree
image9751.jpg,Snowman
image4188.jpg,Airplane
image444.jpg,Miscellaneous
image2273.jpg,Candle
image5236.jpg,Christmas_Tree
image2657.jpg,Miscellaneous
image5839.jpg,Miscellaneous
image7541.jpg,Miscellaneous
image5256.jpg,Christmas_Tree
image5525.jpg,Snowman
image2929.jpg,Christmas_Tree
image9116.jpg,Miscellaneous
image4542.jpg,Snowman
image5571.jpg,Candle
image2849.jpg,Miscellaneous
image3026.jpg,Christmas_Tree
image5970.jpg,Miscellaneous
image4726.jpg,Candle
image7335.jpg,Miscellaneous
image2887.jpg,Miscellaneous
image5158.jpg,Miscellaneous
image844.jpg,Christmas_Tree
image6288.jpg,Snowman
image2004.jpg,Airplane
image2490.jpg,Christmas_Tree
image5065.jpg,Snowman
image8550.jpg,Snowman
image1365.jpg,Snowman
image3243.jpg,Miscellaneous
image4190.jpg,Miscellaneous
image652.jpg,Christmas_Tree
image3153.jpg,Snowman
image3472.jpg,Miscellaneous
image6474.jpg,Snowman
image4895.jpg,Snowman
image5247.jpg,Christmas_Tree
image7078.jpg,Christmas_Tree
image5778.jpg,Airplane
image171.jpg,Jacket
image875.jpg,Miscellaneous
image1260.jpg,Miscellaneous
image9125.jpg,Christmas_Tree
image576.jpg,Miscellaneous
image8798.jpg,Miscellaneous
image4446.jpg,Snowman
image1498.jpg,Snowman
image9718.jpg,Miscellaneous
image6781.jpg,Miscellaneous
image9804.jpg,Candle
image5434.jpg,Miscellaneous
image9575.jpg,Snowman
image8116.jpg,Snowman
image9299.jpg,Candle
image94.jpg,Miscellaneous
image8699.jpg,Christmas_Tree
image9670.jpg,Snowman
image2304.jpg,Miscellaneous
image3027.jpg,Airplane
image7681.jpg,Miscellaneous
image3177.jpg,Miscellaneous
image8835.jpg,Miscellaneous
image6681.jpg,Christmas_Tree
image136.jpg,Christmas_Tree
image575.jpg,Christmas_Tree
image5765.jpg,Miscellaneous
image6928.jpg,Jacket
image6966.jpg,Miscellaneous
image1998.jpg,Miscellaneous
image9075.jpg,Miscellaneous
image227.jpg,Christmas_Tree
image9707.jpg,Miscellaneous
image2616.jpg,Christmas_Tree
image9609.jpg,Miscellaneous
image4352.jpg,Miscellaneous
image2876.jpg,Miscellaneous
image6729.jpg,Christmas_Tree
image2836.jpg,Snowman
image7503.jpg,Miscellaneous
image5678.jpg,Christmas_Tree
image305.jpg,Candle
image3285.jpg,Candle
image2182.jpg,Christmas_Tree
image5098.jpg,Miscellaneous
image5412.jpg,Christmas_Tree
image7702.jpg,Christmas_Tree
image987.jpg,Miscellaneous
image8962.jpg,Miscellaneous
image1842.jpg,Christmas_Tree
image5811.jpg,Miscellaneous
image6459.jpg,Miscellaneous
image5118.jpg,Miscellaneous
image8109.jpg,Snowman
image788.jpg,Miscellaneous
image5627.jpg,Miscellaneous
image2884.jpg,Miscellaneous
image8276.jpg,Candle
image860.jpg,Jacket
image3680.jpg,Snowman
image4092.jpg,Miscellaneous
image9834.jpg,Miscellaneous
image507.jpg,Miscellaneous
image5583.jpg,Christmas_Tree
image5406.jpg,Christmas_Tree
image7215.jpg,Miscellaneous
image5849.jpg,Jacket
image8523.jpg,Candle
image206.jpg,Miscellaneous
image2300.jpg,Miscellaneous
image9308.jpg,Airplane
image187.jpg,Snowman
image6728.jpg,Jacket
image1994.jpg,Christmas_Tree
image6606.jpg,Miscellaneous
image5024.jpg,Miscellaneous
image4580.jpg,Airplane
image5478.jpg,Miscellaneous
image2298.jpg,Jacket
image898.jpg,Snowman
image3905.jpg,Jacket
image6834.jpg,Snowman
image6529.jpg,Miscellaneous
image5634.jpg,Snowman
image3342.jpg,Miscellaneous
image6278.jpg,Snowman
image2973.jpg,Christmas_Tree
image4381.jpg,Miscellaneous
image1934.jpg,Snowman
image7129.jpg,Christmas_Tree
image2417.jpg,Candle
image6716.jpg,Christmas_Tree
image3695.jpg,Christmas_Tree
image5643.jpg,Miscellaneous
image4662.jpg,Snowman
image2656.jpg,Miscellaneous
image8793.jpg,Miscellaneous
image218.jpg,Snowman
image7363.jpg,Snowman
image313.jpg,Candle
image4839.jpg,Miscellaneous
image4408.jpg,Christmas_Tree
image1662.jpg,Snowman
image4916.jpg,Jacket
image7933.jpg,Snowman
image9298.jpg,Snowman
image570.jpg,Christmas_Tree
image2561.jpg,Snowman
image5722.jpg,Miscellaneous
image9344.jpg,Snowman
image4135.jpg,Miscellaneous
image4686.jpg,Miscellaneous
image5296.jpg,Miscellaneous
image43.jpg,Miscellaneous
image3165.jpg,Christmas_Tree
image8050.jpg,Jacket
image5504.jpg,Miscellaneous
image1868.jpg,Snowman
image3374.jpg,Miscellaneous
image1529.jpg,Miscellaneous
image3409.jpg,Christmas_Tree
image6785.jpg,Miscellaneous
image6170.jpg,Snowman
image9153.jpg,Miscellaneous
image4514.jpg,Miscellaneous
image5781.jpg,Miscellaneous
image9708.jpg,Candle
image8847.jpg,Miscellaneous
image7657.jpg,Christmas_Tree
image6264.jpg,Miscellaneous
image4313.jpg,Jacket
image2484.jpg,Snowman
image2810.jpg,Miscellaneous
image1613.jpg,Snowman
image6759.jpg,Miscellaneous
image74.jpg,Candle
image4761.jpg,Miscellaneous
image9659.jpg,Candle
image1670.jpg,Candle
image8823.jpg,Snowman
image8231.jpg,Miscellaneous
image1462.jpg,Miscellaneous
image7294.jpg,Miscellaneous
image2576.jpg,Miscellaneous
image1792.jpg,Christmas_Tree
image982.jpg,Airplane
image8407.jpg,Christmas_Tree
image8186.jpg,Miscellaneous
image3702.jpg,Miscellaneous
image5533.jpg,Christmas_Tree
image5002.jpg,Airplane
image1412.jpg,Candle
image995.jpg,Miscellaneous
image2154.jpg,Jacket
image7898.jpg,Christmas_Tree
image6526.jpg,Miscellaneous
image8097.jpg,Snowman
image176.jpg,Christmas_Tree
image6918.jpg,Snowman
image6099.jpg,Snowman
image7721.jpg,Candle
image6618.jpg,Snowman
image9398.jpg,Snowman
image3627.jpg,Snowman
image5026.jpg,Miscellaneous
image6616.jpg,Miscellaneous
image1085.jpg,Christmas_Tree
image8764.jpg,Miscellaneous
image7365.jpg,Airplane
image4388.jpg,Snowman
image8343.jpg,Airplane
image7539.jpg,Miscellaneous
image118.jpg,Airplane
image7204.jpg,Miscellaneous
image1551.jpg,Miscellaneous
image1129.jpg,Miscellaneous
image7917.jpg,Christmas_Tree
image2975.jpg,Miscellaneous
image8958.jpg,Snowman
image6666.jpg,Miscellaneous
image5758.jpg,Airplane
image4359.jpg,Snowman
image157.jpg,Christmas_Tree
image2180.jpg,Miscellaneous
image4175.jpg,Miscellaneous
image5860.jpg,Miscellaneous
image4287.jpg,Christmas_Tree
image1509.jpg,Christmas_Tree
image1790.jpg,Miscellaneous
image5608.jpg,Candle
image7334.jpg,Miscellaneous
image1487.jpg,Miscellaneous
image4935.jpg,Candle
image6021.jpg,Miscellaneous
image474.jpg,Miscellaneous
image5445.jpg,Christmas_Tree
image139.jpg,Christmas_Tree
image6730.jpg,Christmas_Tree
image927.jpg,Christmas_Tree
image7867.jpg,Christmas_Tree
image7666.jpg,Miscellaneous
image3058.jpg,Miscellaneous
image8908.jpg,Christmas_Tree
image4382.jpg,Miscellaneous
image5049.jpg,Miscellaneous
image5590.jpg,Miscellaneous
image4821.jpg,Miscellaneous
image7422.jpg,Christmas_Tree
image2886.jpg,Miscellaneous
image6000.jpg,Miscellaneous
image1147.jpg,Christmas_Tree
image1621.jpg,Miscellaneous
image1272.jpg,Candle
image4236.jpg,Snowman
image2944.jpg,Christmas_Tree
image9059.jpg,Miscellaneous
image6973.jpg,Miscellaneous
image6214.jpg,Christmas_Tree
image7940.jpg,Christmas_Tree
image4308.jpg,Snowman
image2614.jpg,Airplane
image5799.jpg,Christmas_Tree
image3257.jpg,Miscellaneous
image1622.jpg,Snowman
image7674.jpg,Miscellaneous
image5494.jpg,Jacket
image7511.jpg,Christmas_Tree
image1702.jpg,Miscellaneous
image6793.jpg,Miscellaneous
image4022.jpg,Miscellaneous
image3074.jpg,Candle
image686.jpg,Jacket
image392.jpg,Miscellaneous
image4748.jpg,Miscellaneous
image7057.jpg,Miscellaneous
image4030.jpg,Candle
image6815.jpg,Miscellaneous
image8836.jpg,Miscellaneous
image8426.jpg,Snowman
image3407.jpg,Christmas_Tree
image1110.jpg,Snowman
image2696.jpg,Miscellaneous
image1019.jpg,Snowman
image2045.jpg,Jacket
image6768.jpg,Christmas_Tree
image8122.jpg,Miscellaneous
image2610.jpg,Christmas_Tree
image1222.jpg,Snowman
image5232.jpg,Miscellaneous
image8351.jpg,Airplane
image5120.jpg,Christmas_Tree
image3203.jpg,Snowman
image6484.jpg,Miscellaneous
image931.jpg,Christmas_Tree
image6839.jpg,Christmas_Tree
image6203.jpg,Miscellaneous
image3032.jpg,Miscellaneous
image6393.jpg,Airplane
image6531.jpg,Miscellaneous
image1894.jpg,Miscellaneous
image5343.jpg,Snowman
image4205.jpg,Snowman
image9681.jpg,Miscellaneous
image7325.jpg,Miscellaneous
image1709.jpg,Candle
image714.jpg,Miscellaneous
image75.jpg,Snowman
image9631.jpg,Miscellaneous
image3314.jpg,Jacket
image7175.jpg,Airplane
image2127.jpg,Miscellaneous
image7737.jpg,Jacket
image5879.jpg,Christmas_Tree
image7447.jpg,Snowman
image423.jpg,Miscellaneous
image6539.jpg,Miscellaneous
image8329.jpg,Christmas_Tree
image864.jpg,Miscellaneous
image7628.jpg,Miscellaneous
image5289.jpg,Miscellaneous
image9952.jpg,Snowman
image3758.jpg,Jacket
image284.jpg,Miscellaneous
image9078.jpg,Miscellaneous
image6986.jpg,Miscellaneous
image9018.jpg,Miscellaneous
image3506.jpg,Miscellaneous
image5870.jpg,Jacket
image6500.jpg,Jacket
image3333.jpg,Candle
image1351.jpg,Christmas_Tree
image9312.jpg,Miscellaneous
image5661.jpg,Miscellaneous
image1737.jpg,Miscellaneous
image6924.jpg,Miscellaneous
image7788.jpg,Jacket
image6232.jpg,Jacket
image5663.jpg,Miscellaneous
image2712.jpg,Jacket
image941.jpg,Snowman
image3564.jpg,Miscellaneous
image5258.jpg,Jacket
image9324.jpg,Christmas_Tree
image1470.jpg,Candle
image7389.jpg,Candle
image5486.jpg,Miscellaneous
image4358.jpg,Candle
image3346.jpg,Snowman
image7528.jpg,Christmas_Tree
image3004.jpg,Jacket
image5130.jpg,Miscellaneous
image9532.jpg,Miscellaneous
image3470.jpg,Snowman
image2519.jpg,Miscellaneous
image1472.jpg,Miscellaneous
image7564.jpg,Airplane
image9286.jpg,Candle
image298.jpg,Miscellaneous
image4934.jpg,Snowman
image4949.jpg,Christmas_Tree
image5070.jpg,Miscellaneous
image7347.jpg,Miscellaneous
image7492.jpg,Snowman
image9211.jpg,Miscellaneous
image1801.jpg,Jacket
image6471.jpg,Miscellaneous
image8750.jpg,Candle
image483.jpg,Christmas_Tree
image25.jpg,Christmas_Tree
image4378.jpg,Jacket
image3226.jpg,Candle
image6795.jpg,Miscellaneous
image2360.jpg,Snowman
image5521.jpg,Miscellaneous
image9326.jpg,Christmas_Tree
image7967.jpg,Snowman
image2103.jpg,Miscellaneous
image457.jpg,Miscellaneous
image2150.jpg,Jacket
image3912.jpg,Miscellaneous
image9433.jpg,Miscellaneous
image6687.jpg,Christmas_Tree
image6238.jpg,Miscellaneous
image2644.jpg,Christmas_Tree
image3970.jpg,Miscellaneous
image7467.jpg,Christmas_Tree
image6332.jpg,Jacket
image1264.jpg,Snowman
image4957.jpg,Miscellaneous
image9149.jpg,Miscellaneous
image4837.jpg,Christmas_Tree
image153.jpg,Christmas_Tree
image498.jpg,Snowman
image5905.jpg,Miscellaneous
image2646.jpg,Jacket
image2135.jpg,Miscellaneous
image2674.jpg,Miscellaneous
image2850.jpg,Miscellaneous
image6806.jpg,Candle
image6504.jpg,Airplane
image769.jpg,Miscellaneous
image9717.jpg,Snowman
image6801.jpg,Christmas_Tree
image9793.jpg,Miscellaneous
image3116.jpg,Candle
image5530.jpg,Airplane
image6074.jpg,Miscellaneous
image2039.jpg,Christmas_Tree
image3360.jpg,Christmas_Tree
image9083.jpg,Miscellaneous
image2479.jpg,Jacket
image615.jpg,Christmas_Tree
image2421.jpg,Christmas_Tree
image682.jpg,Airplane
image3396.jpg,Miscellaneous
image9568.jpg,Miscellaneous
image7118.jpg,Miscellaneous
image9145.jpg,Christmas_Tree
image4522.jpg,Candle
image2164.jpg,Miscellaneous
image593.jpg,Christmas_Tree
image1157.jpg,Christmas_Tree
image1205.jpg,Jacket
image6279.jpg,Jacket
image7055.jpg,Snowman
image2380.jpg,Miscellaneous
image2088.jpg,Miscellaneous
image6929.jpg,Candle
image1505.jpg,Christmas_Tree
image4409.jpg,Miscellaneous
image3444.jpg,Christmas_Tree
image1488.jpg,Miscellaneous
image1854.jpg,Miscellaneous
image4107.jpg,Candle
image349.jpg,Miscellaneous
image5359.jpg,Jacket
image3515.jpg,Christmas_Tree
image4414.jpg,Miscellaneous
image5764.jpg,Christmas_Tree
image8267.jpg,Christmas_Tree
image7667.jpg,Snowman
image7390.jpg,Snowman
image436.jpg,Christmas_Tree
image2946.jpg,Snowman
image5356.jpg,Miscellaneous
image5420.jpg,Miscellaneous
image9015.jpg,Miscellaneous
image1140.jpg,Miscellaneous
image9317.jpg,Miscellaneous
image3780.jpg,Snowman
image5606.jpg,Miscellaneous
image1993.jpg,Snowman
image8364.jpg,Christmas_Tree
image2170.jpg,Miscellaneous
image1480.jpg,Snowman
image2345.jpg,Christmas_Tree
image9565.jpg,Miscellaneous
image1314.jpg,Miscellaneous
image3756.jpg,Miscellaneous
image9248.jpg,Jacket
image3723.jpg,Miscellaneous
image7462.jpg,Miscellaneous
image543.jpg,Miscellaneous
image4431.jpg,Candle
image6057.jpg,Airplane
image8542.jpg,Snowman
image1177.jpg,Airplane
image1962.jpg,Miscellaneous
image211.jpg,Miscellaneous
image364.jpg,Miscellaneous
image2904.jpg,Snowman
image2171.jpg,Jacket
image1757.jpg,Candle
image1522.jpg,Miscellaneous
image5746.jpg,Miscellaneous
image5537.jpg,Miscellaneous
image750.jpg,Christmas_Tree
image916.jpg,Jacket
image8023.jpg,Snowman
image110.jpg,Jacket
image2687.jpg,Miscellaneous
image7329.jpg,Christmas_Tree
image1861.jpg,Jacket
image523.jpg,Miscellaneous
image165.jpg,Miscellaneous
image9203.jpg,Miscellaneous
image8888.jpg,Christmas_Tree
image9434.jpg,Candle
image4609.jpg,Miscellaneous
image7733.jpg,Candle
image7459.jpg,Jacket
image2505.jpg,Christmas_Tree
image1515.jpg,Miscellaneous
image6865.jpg,Miscellaneous
image1086.jpg,Airplane
image9873.jpg,Christmas_Tree
image6280.jpg,Miscellaneous
image9560.jpg,Jacket
image2399.jpg,Candle
image6624.jpg,Miscellaneous
image569.jpg,Miscellaneous
image1730.jpg,Christmas_Tree
image4328.jpg,Miscellaneous
image5317.jpg,Miscellaneous
image274.jpg,Miscellaneous
image9790.jpg,Miscellaneous
image6503.jpg,Christmas_Tree
image6962.jpg,Snowman
image4807.jpg,Miscellaneous
image3768.jpg,Miscellaneous
image4879.jpg,Miscellaneous
image7258.jpg,Airplane
image6995.jpg,Miscellaneous
image5339.jpg,Miscellaneous
image4802.jpg,Miscellaneous
image3770.jpg,Candle
image8524.jpg,Miscellaneous
image9210.jpg,Christmas_Tree
image281.jpg,Candle
image8545.jpg,Jacket
image3897.jpg,Christmas_Tree
image4505.jpg,Christmas_Tree
image5301.jpg,Christmas_Tree
image1607.jpg,Candle
image3493.jpg,Airplane
image592.jpg,Candle
image3746.jpg,Snowman
image1490.jpg,Candle
image8960.jpg,Christmas_Tree
image3961.jpg,Airplane
image3866.jpg,Miscellaneous
image4195.jpg,Christmas_Tree
image3357.jpg,Miscellaneous
image5348.jpg,Miscellaneous
image7683.jpg,Christmas_Tree
image3707.jpg,Miscellaneous
image6857.jpg,Snowman
image7249.jpg,Miscellaneous
image8660.jpg,Miscellaneous
image6818.jpg,Christmas_Tree
image2611.jpg,Snowman
image6064.jpg,Miscellaneous
image2930.jpg,Airplane
image786.jpg,Miscellaneous
image3500.jpg,Candle
image4027.jpg,Christmas_Tree
image5885.jpg,Miscellaneous
image4622.jpg,Miscellaneous
image502.jpg,Candle
image9338.jpg,Candle
image5914.jpg,Christmas_Tree
image5774.jpg,Candle
image733.jpg,Jacket
image7035.jpg,Miscellaneous
image5561.jpg,Miscellaneous
image9523.jpg,Miscellaneous
image9676.jpg,Miscellaneous
image5796.jpg,Miscellaneous
image6317.jpg,Miscellaneous
image8339.jpg,Airplane
image9664.jpg,Miscellaneous
image9017.jpg,Christmas_Tree
image8775.jpg,Candle
image7523.jpg,Candle
image357.jpg,Snowman
image4365.jpg,Snowman
image6141.jpg,Miscellaneous
image9632.jpg,Christmas_Tree
image3642.jpg,Miscellaneous
image7098.jpg,Snowman
image9685.jpg,Snowman
image6936.jpg,Snowman
image8225.jpg,Christmas_Tree
image3096.jpg,Miscellaneous
image3422.jpg,Miscellaneous
image6482.jpg,Christmas_Tree
image4740.jpg,Miscellaneous
image4336.jpg,Christmas_Tree
image2265.jpg,Miscellaneous
image5147.jpg,Snowman
image5562.jpg,Miscellaneous
image5823.jpg,Miscellaneous
image5891.jpg,Christmas_Tree
image8043.jpg,Snowman
image3601.jpg,Miscellaneous
image6110.jpg,Candle
image6731.jpg,Candle
image6644.jpg,Miscellaneous
image4794.jpg,Jacket
image8012.jpg,Miscellaneous
image3743.jpg,Miscellaneous
image8281.jpg,Miscellaneous
image867.jpg,Miscellaneous
image8917.jpg,Jacket
image6669.jpg,Miscellaneous
image8753.jpg,Airplane
image8657.jpg,Airplane
image5410.jpg,Miscellaneous
image966.jpg,Airplane
image4009.jpg,Christmas_Tree
image4438.jpg,Snowman
image3090.jpg,Christmas_Tree
image9332.jpg,Miscellaneous
image1886.jpg,Miscellaneous
image1231.jpg,Christmas_Tree
image393.jpg,Snowman
image454.jpg,Candle
image6907.jpg,Miscellaneous
image9679.jpg,Miscellaneous
image3772.jpg,Christmas_Tree
image581.jpg,Jacket
image1527.jpg,Christmas_Tree
image6415.jpg,Candle
image6275.jpg,Jacket
image776.jpg,Christmas_Tree
image8608.jpg,Snowman
image7230.jpg,Jacket
image3278.jpg,Airplane
image6589.jpg,Christmas_Tree
image4324.jpg,Miscellaneous
image7420.jpg,Christmas_Tree
image4523.jpg,Jacket
image4405.jpg,Christmas_Tree
image4788.jpg,Jacket
image7044.jpg,Snowman
image2054.jpg,Miscellaneous
image7944.jpg,Miscellaneous
image1352.jpg,Snowman
image2225.jpg,Miscellaneous
image3184.jpg,Christmas_Tree
image659.jpg,Candle
image7952.jpg,Miscellaneous
image1795.jpg,Christmas_Tree
image229.jpg,Snowman
image7332.jpg,Snowman
image1021.jpg,Jacket
image1048.jpg,Miscellaneous
image3974.jpg,Miscellaneous
image4668.jpg,Miscellaneous
image3462.jpg,Miscellaneous
image2667.jpg,Miscellaneous
image6641.jpg,Christmas_Tree
image4575.jpg,Miscellaneous
image5522.jpg,Christmas_Tree
image3700.jpg,Miscellaneous
image5719.jpg,Christmas_Tree
image8664.jpg,Miscellaneous
image8241.jpg,Miscellaneous
image1031.jpg,Miscellaneous
image3284.jpg,Christmas_Tree
image4952.jpg,Christmas_Tree
image8449.jpg,Jacket
image8534.jpg,Miscellaneous
image8850.jpg,Christmas_Tree
image1305.jpg,Airplane
image589.jpg,Snowman
image9027.jpg,Jacket
image6542.jpg,Miscellaneous
image6647.jpg,Snowman
image1024.jpg,Miscellaneous
image9535.jpg,Miscellaneous
image9141.jpg,Christmas_Tree
image789.jpg,Candle
image5053.jpg,Miscellaneous
image5760.jpg,Snowman
image3330.jpg,Snowman
image9656.jpg,Miscellaneous
image6953.jpg,Christmas_Tree
image6537.jpg,Miscellaneous
image3421.jpg,Candle
image3132.jpg,Miscellaneous
image3313.jpg,Miscellaneous
image2545.jpg,Miscellaneous
image6665.jpg,Christmas_Tree
image8065.jpg,Jacket
image345.jpg,Snowman
image9683.jpg,Christmas_Tree
image8949.jpg,Jacket
image4749.jpg,Candle
image2061.jpg,Candle
image1917.jpg,Christmas_Tree
image5690.jpg,Christmas_Tree
image8710.jpg,Christmas_Tree
image389.jpg,Snowman
image5592.jpg,Miscellaneous
image3789.jpg,Airplane
image646.jpg,Christmas_Tree
image2473.jpg,Christmas_Tree
image6931.jpg,Candle
image7291.jpg,Miscellaneous
image2349.jpg,Airplane
image3479.jpg,Miscellaneous
image2873.jpg,Candle
image9544.jpg,Candle
image6463.jpg,Jacket
image2530.jpg,Jacket
image1947.jpg,Miscellaneous
image6076.jpg,Miscellaneous
image9246.jpg,Christmas_Tree
image7395.jpg,Christmas_Tree
image2429.jpg,Jacket
image6632.jpg,Miscellaneous
image8384.jpg,Miscellaneous
image8401.jpg,Miscellaneous
image5034.jpg,Miscellaneous
image4567.jpg,Jacket
image2464.jpg,Candle
image1120.jpg,Miscellaneous
image2719.jpg,Snowman
image2647.jpg,Snowman
image1978.jpg,Snowman
image2831.jpg,Christmas_Tree
image2562.jpg,Christmas_Tree
image3308.jpg,Christmas_Tree
image8185.jpg,Miscellaneous
image7138.jpg,Airplane
image4971.jpg,Miscellaneous
image3786.jpg,Christmas_Tree
image5442.jpg,Miscellaneous
image5287.jpg,Miscellaneous
image7892.jpg,Miscellaneous
image8907.jpg,Airplane
image382.jpg,Miscellaneous
image6067.jpg,Miscellaneous
image2541.jpg,Miscellaneous
image3169.jpg,Candle
image1496.jpg,Jacket
image1030.jpg,Airplane
image6935.jpg,Miscellaneous
image1370.jpg,Miscellaneous
image4369.jpg,Miscellaneous
image5961.jpg,Miscellaneous
image7043.jpg,Miscellaneous
image4843.jpg,Christmas_Tree
image1051.jpg,Miscellaneous
image6829.jpg,Snowman
image6460.jpg,Miscellaneous
image1362.jpg,Miscellaneous
image5581.jpg,Miscellaneous
image2586.jpg,Miscellaneous
image2982.jpg,Miscellaneous
image3620.jpg,Snowman
image4337.jpg,Airplane
image3904.jpg,Jacket
image7529.jpg,Airplane
image497.jpg,Miscellaneous
image6732.jpg,Christmas_Tree
image1254.jpg,Jacket
image6661.jpg,Miscellaneous
image2726.jpg,Christmas_Tree
image6202.jpg,Miscellaneous
image9208.jpg,Jacket
image4533.jpg,Miscellaneous
image8943.jpg,Miscellaneous
image5163.jpg,Miscellaneous
image8809.jpg,Snowman
image6400.jpg,Christmas_Tree
image3803.jpg,Miscellaneous
image7423.jpg,Miscellaneous
image3326.jpg,Miscellaneous
image6610.jpg,Miscellaneous
image5610.jpg,Candle
image1052.jpg,Snowman
image8374.jpg,Jacket
image6130.jpg,Christmas_Tree
image8100.jpg,Miscellaneous
image7779.jpg,Candle
image9084.jpg,Miscellaneous
image4411.jpg,Miscellaneous
image7888.jpg,Miscellaneous
image2087.jpg,Miscellaneous
image3089.jpg,Miscellaneous
image5511.jpg,Jacket
image6863.jpg,Candle
image2306.jpg,Candle
image4786.jpg,Candle
image2056.jpg,Miscellaneous
image7790.jpg,Christmas_Tree
image5989.jpg,Airplane
image3451.jpg,Miscellaneous
image4501.jpg,Miscellaneous
image6231.jpg,Snowman
image630.jpg,Snowman
image5674.jpg,Candle
image1447.jpg,Miscellaneous
image2158.jpg,Miscellaneous
image2314.jpg,Miscellaneous
image26.jpg,Miscellaneous
image6209.jpg,Christmas_Tree
image1885.jpg,Christmas_Tree
image8576.jpg,Snowman
image494.jpg,Christmas_Tree
image241.jpg,Miscellaneous
image684.jpg,Miscellaneous
image5189.jpg,Miscellaneous
image6295.jpg,Miscellaneous
image7621.jpg,Snowman
image6119.jpg,Miscellaneous
image3192.jpg,Candle
image9340.jpg,Christmas_Tree
image7097.jpg,Miscellaneous
image6640.jpg,Jacket
image5105.jpg,Snowman
image5215.jpg,Miscellaneous
image756.jpg,Miscellaneous
image6763.jpg,Snowman
image2384.jpg,Miscellaneous
image2935.jpg,Snowman
image1221.jpg,Candle
image2190.jpg,Miscellaneous
image3100.jpg,Christmas_Tree
image9940.jpg,Jacket
image1442.jpg,Miscellaneous
image4185.jpg,Snowman
image9041.jpg,Miscellaneous
image2457.jpg,Miscellaneous
image2552.jpg,Christmas_Tree
image4240.jpg,Miscellaneous
image6437.jpg,Miscellaneous
image5090.jpg,Christmas_Tree
image5106.jpg,Snowman
image6838.jpg,Candle
image992.jpg,Jacket
image6609.jpg,Miscellaneous
image148.jpg,Miscellaneous
image7722.jpg,Miscellaneous
image1138.jpg,Candle
image3821.jpg,Jacket
image8395.jpg,Snowman
image2894.jpg,Miscellaneous
image2232.jpg,Snowman
image1560.jpg,Airplane
image8367.jpg,Christmas_Tree
image8239.jpg,Miscellaneous
image4682.jpg,Miscellaneous
image9209.jpg,Miscellaneous
image4517.jpg,Miscellaneous
image6365.jpg,Miscellaneous
image5877.jpg,Christmas_Tree
image6782.jpg,Airplane
image6250.jpg,Miscellaneous
image2560.jpg,Snowman
image2796.jpg,Snowman
image4201.jpg,Miscellaneous
image8551.jpg,Christmas_Tree
image492.jpg,Jacket
image9474.jpg,Miscellaneous
image7661.jpg,Jacket
image6849.jpg,Christmas_Tree
image6987.jpg,Snowman
image7214.jpg,Snowman
image6565.jpg,Christmas_Tree
image7708.jpg,Jacket
image3859.jpg,Christmas_Tree
image6122.jpg,Miscellaneous
image9131.jpg,Airplane
image2083.jpg,Miscellaneous
image4506.jpg,Christmas_Tree
image6435.jpg,Christmas_Tree
image6075.jpg,Candle
image5407.jpg,Miscellaneous
image8355.jpg,Christmas_Tree
image5306.jpg,Miscellaneous
image7180.jpg,Miscellaneous
image9567.jpg,Snowman
image6007.jpg,Christmas_Tree
image7598.jpg,Jacket
image8168.jpg,Christmas_Tree
image125.jpg,Jacket
image7655.jpg,Miscellaneous
image8266.jpg,Snowman
image6465.jpg,Christmas_Tree
image1700.jpg,Miscellaneous
image3611.jpg,Miscellaneous
image8261.jpg,Snowman
image7709.jpg,Candle
image8957.jpg,Miscellaneous
image4346.jpg,Candle
image4756.jpg,Candle
image9953.jpg,Christmas_Tree
image7232.jpg,Airplane
image526.jpg,Christmas_Tree
image1392.jpg,Miscellaneous
image7549.jpg,Miscellaneous
image1492.jpg,Christmas_Tree
image7562.jpg,Snowman
image4543.jpg,Miscellaneous
image9216.jpg,Christmas_Tree
image5826.jpg,Snowman
image2201.jpg,Miscellaneous
image3385.jpg,Christmas_Tree
image8184.jpg,Christmas_Tree
image5331.jpg,Miscellaneous
image6832.jpg,Jacket
image568.jpg,Snowman
image5443.jpg,Christmas_Tree
image3762.jpg,Candle
image5927.jpg,Snowman
image1032.jpg,Miscellaneous
image6871.jpg,Jacket
image3578.jpg,Miscellaneous
image9321.jpg,Miscellaneous
image9839.jpg,Christmas_Tree
image6516.jpg,Miscellaneous
image6405.jpg,Miscellaneous
image984.jpg,Candle
image7793.jpg,Jacket
image8072.jpg,Miscellaneous
image11.jpg,Airplane
image7566.jpg,Miscellaneous
image2848.jpg,Miscellaneous
image3660.jpg,Miscellaneous
image9771.jpg,Christmas_Tree
image3252.jpg,Miscellaneous
image5184.jpg,Christmas_Tree
image9377.jpg,Snowman
image5967.jpg,Snowman
image9735.jpg,Miscellaneous
image1461.jpg,Miscellaneous
image5300.jpg,Christmas_Tree
image9144.jpg,Miscellaneous
image7673.jpg,Miscellaneous
image3914.jpg,Candle
image3225.jpg,Jacket
image5837.jpg,Miscellaneous
image8830.jpg,Christmas_Tree
image1948.jpg,Christmas_Tree
image7198.jpg,Miscellaneous
image683.jpg,Miscellaneous
image8636.jpg,Miscellaneous
image3738.jpg,Miscellaneous
image2749.jpg,Candle
image2987.jpg,Candle
image5589.jpg,Miscellaneous
image837.jpg,Miscellaneous
image9419.jpg,Miscellaneous
image5575.jpg,Miscellaneous
image9832.jpg,Miscellaneous
image3646.jpg,Snowman
image362.jpg,Christmas_Tree
image4824.jpg,Snowman
image323.jpg,Candle
image5846.jpg,Miscellaneous
image1953.jpg,Miscellaneous
image12.jpg,Miscellaneous
image4931.jpg,Christmas_Tree
image9730.jpg,Miscellaneous
image4911.jpg,Miscellaneous
image5097.jpg,Snowman
image3648.jpg,Christmas_Tree
image8559.jpg,Jacket
image8515.jpg,Miscellaneous
image4547.jpg,Christmas_Tree
image1018.jpg,Christmas_Tree
image4705.jpg,Snowman
image1097.jpg,Jacket
image5952.jpg,Miscellaneous
image3317.jpg,Miscellaneous
image6580.jpg,Candle
image404.jpg,Miscellaneous
image3340.jpg,Miscellaneous
image8711.jpg,Candle
image5362.jpg,Miscellaneous
image579.jpg,Snowman
image6721.jpg,Christmas_Tree
image3582.jpg,Candle
image1916.jpg,Miscellaneous
image2374.jpg,Candle
image3519.jpg,Miscellaneous
image3550.jpg,Christmas_Tree
image9678.jpg,Snowman
image4887.jpg,Miscellaneous
image6283.jpg,Miscellaneous
image9500.jpg,Miscellaneous
image3217.jpg,Miscellaneous
image4180.jpg,Snowman
image1452.jpg,Christmas_Tree
image1093.jpg,Snowman
image6234.jpg,Christmas_Tree
image2282.jpg,Jacket
image3188.jpg,Miscellaneous
image8694.jpg,Airplane
image997.jpg,Miscellaneous
image2068.jpg,Christmas_Tree
image1245.jpg,Miscellaneous
image8207.jpg,Miscellaneous
image487.jpg,Christmas_Tree
image4504.jpg,Christmas_Tree
image6120.jpg,Miscellaneous
image9218.jpg,Candle
image6577.jpg,Jacket
image4476.jpg,Snowman
image7654.jpg,Christmas_Tree
image3958.jpg,Candle
image4448.jpg,Miscellaneous
image3899.jpg,Miscellaneous
image712.jpg,Jacket
image8658.jpg,Miscellaneous
image3941.jpg,Candle
image535.jpg,Snowman
image7441.jpg,Christmas_Tree
image6738.jpg,Christmas_Tree
image7958.jpg,Miscellaneous
image8224.jpg,Snowman
image6752.jpg,Jacket
image2024.jpg,Miscellaneous
image2297.jpg,Snowman
image7574.jpg,Candle
image5126.jpg,Miscellaneous
image5250.jpg,Snowman
image582.jpg,Jacket
image4611.jpg,Snowman
image5673.jpg,Snowman
image6054.jpg,Christmas_Tree
image4680.jpg,Snowman
image7983.jpg,Miscellaneous
image520.jpg,Snowman
image8670.jpg,Snowman
image8900.jpg,Miscellaneous
image1218.jpg,Christmas_Tree
image1435.jpg,Snowman
image7900.jpg,Miscellaneous
image129.jpg,Christmas_Tree
image6105.jpg,Miscellaneous
image9526.jpg,Candle
image4872.jpg,Christmas_Tree
image828.jpg,Candle
image5921.jpg,Miscellaneous
image9466.jpg,Candle
image9502.jpg,Christmas_Tree
image5812.jpg,Miscellaneous
image69.jpg,Christmas_Tree
image3363.jpg,Miscellaneous
image4634.jpg,Christmas_Tree
image6432.jpg,Christmas_Tree
image7509.jpg,Miscellaneous
image647.jpg,Miscellaneous
image1778.jpg,Candle
image9039.jpg,Candle
image1142.jpg,Miscellaneous
image5260.jpg,Snowman
image5707.jpg,Miscellaneous
image2821.jpg,Snowman
image1368.jpg,Miscellaneous
image7828.jpg,Christmas_Tree
image3124.jpg,Miscellaneous
image228.jpg,Snowman
image9151.jpg,Christmas_Tree
image1983.jpg,Miscellaneous
image1584.jpg,Miscellaneous
image2720.jpg,Miscellaneous
image661.jpg,Christmas_Tree
image7104.jpg,Christmas_Tree
image2648.jpg,Miscellaneous
image9851.jpg,Jacket
image7938.jpg,Miscellaneous
image9491.jpg,Christmas_Tree
image9848.jpg,Jacket
image3736.jpg,Snowman
image1660.jpg,Miscellaneous
image8253.jpg,Miscellaneous
image2660.jpg,Snowman
image7718.jpg,Miscellaneous
image4226.jpg,Miscellaneous
image5313.jpg,Candle
image9919.jpg,Miscellaneous
image5810.jpg,Candle
image2156.jpg,Miscellaneous
image3946.jpg,Snowman
image6329.jpg,Miscellaneous
image740.jpg,Christmas_Tree
image5541.jpg,Christmas_Tree
image5366.jpg,Snowman
image5161.jpg,Miscellaneous
image3425.jpg,Christmas_Tree
image1182.jpg,Miscellaneous
image8940.jpg,Airplane
image3469.jpg,Snowman
image3526.jpg,Snowman
image8963.jpg,Candle
image8288.jpg,Miscellaneous
image4564.jpg,Candle
image6520.jpg,Christmas_Tree
image2230.jpg,Miscellaneous
image8571.jpg,Jacket
image5715.jpg,Candle
image4532.jpg,Miscellaneous
image7748.jpg,Miscellaneous
image1173.jpg,Snowman
image5560.jpg,Candle
image9874.jpg,Miscellaneous
image8590.jpg,Miscellaneous
image9512.jpg,Airplane
image2665.jpg,Miscellaneous
image4257.jpg,Christmas_Tree
image9788.jpg,Jacket
image2597.jpg,Christmas_Tree
image3991.jpg,Miscellaneous
image2012.jpg,Candle
image1283.jpg,Snowman
image4456.jpg,Snowman
image8269.jpg,Christmas_Tree
image8738.jpg,Jacket
image137.jpg,Candle
image3826.jpg,Miscellaneous
image489.jpg,Miscellaneous
image6693.jpg,Jacket
image3724.jpg,Miscellaneous
image214.jpg,Miscellaneous
image1386.jpg,Airplane
image5825.jpg,Snowman
image3099.jpg,Miscellaneous
image5379.jpg,Christmas_Tree
image3186.jpg,Christmas_Tree
image5191.jpg,Miscellaneous
image9552.jpg,Snowman
image5940.jpg,Miscellaneous
image8088.jpg,Christmas_Tree
image5132.jpg,Miscellaneous
image3171.jpg,Jacket
image9201.jpg,Christmas_Tree
image8462.jpg,Jacket
image4450.jpg,Miscellaneous
image7807.jpg,Snowman
image3879.jpg,Miscellaneous
image5783.jpg,Christmas_Tree
image4730.jpg,Christmas_Tree
image6143.jpg,Miscellaneous
image7581.jpg,Candle
image1550.jpg,Candle
image2499.jpg,Candle
image1055.jpg,Miscellaneous
image7109.jpg,Miscellaneous
image1789.jpg,Miscellaneous
image929.jpg,Miscellaneous
image1811.jpg,Miscellaneous
image8368.jpg,Miscellaneous
image5384.jpg,Miscellaneous
image7144.jpg,Christmas_Tree
image8726.jpg,Snowman
image6336.jpg,Miscellaneous
image9513.jpg,Miscellaneous
image1890.jpg,Snowman
image2063.jpg,Airplane
image2071.jpg,Christmas_Tree
image8948.jpg,Miscellaneous
image1539.jpg,Christmas_Tree
image3531.jpg,Miscellaneous
image1100.jpg,Christmas_Tree
image418.jpg,Christmas_Tree
image1510.jpg,Miscellaneous
image9282.jpg,Miscellaneous
image700.jpg,Christmas_Tree
image4454.jpg,Miscellaneous
image8933.jpg,Candle
image2939.jpg,Miscellaneous
image2043.jpg,Christmas_Tree
image4738.jpg,Christmas_Tree
image4497.jpg,Snowman
image5087.jpg,Christmas_Tree
image44.jpg,Miscellaneous
image4800.jpg,Miscellaneous
image2402.jpg,Christmas_Tree
image778.jpg,Snowman
image3948.jpg,Miscellaneous
image425.jpg,Christmas_Tree
image5145.jpg,Miscellaneous
image9830.jpg,Miscellaneous
image1399.jpg,Christmas_Tree
image738.jpg,Miscellaneous
image4674.jpg,Airplane
image4340.jpg,Candle
image601.jpg,Jacket
image6540.jpg,Snowman
image57.jpg,Miscellaneous
image5586.jpg,Miscellaneous
image5016.jpg,Candle
image5850.jpg,Snowman
image9841.jpg,Christmas_Tree
image831.jpg,Miscellaneous
image3581.jpg,Miscellaneous
image269.jpg,Snowman
image9307.jpg,Miscellaneous
image2052.jpg,Miscellaneous
image5836.jpg,Miscellaneous
image8709.jpg,Christmas_Tree
image9766.jpg,Miscellaneous
image5352.jpg,Miscellaneous
image252.jpg,Miscellaneous
image7460.jpg,Airplane
image2309.jpg,Miscellaneous
image9057.jpg,Miscellaneous
image2330.jpg,Christmas_Tree
image6833.jpg,Snowman
image9150.jpg,Jacket
image7803.jpg,Miscellaneous
image1230.jpg,Snowman
image6121.jpg,Miscellaneous
image2321.jpg,Miscellaneous
image9844.jpg,Snowman
image6475.jpg,Jacket
image2195.jpg,Miscellaneous
image8761.jpg,Miscellaneous
image5117.jpg,Miscellaneous
image7117.jpg,Miscellaneous
image9859.jpg,Jacket
image9900.jpg,Christmas_Tree
image8666.jpg,Miscellaneous
image2931.jpg,Miscellaneous
image9148.jpg,Miscellaneous
image8129.jpg,Miscellaneous
image3403.jpg,Airplane
image8568.jpg,Snowman
image4618.jpg,Miscellaneous
image1389.jpg,Miscellaneous
image387.jpg,Candle
image2630.jpg,Snowman
image3913.jpg,Miscellaneous
image660.jpg,Christmas_Tree
image4348.jpg,Christmas_Tree
image4004.jpg,Candle
image7287.jpg,Snowman
image9483.jpg,Christmas_Tree
image5646.jpg,Jacket
image243.jpg,Snowman
image1171.jpg,Snowman
image8217.jpg,Miscellaneous
image1968.jpg,Christmas_Tree
image4117.jpg,Christmas_Tree
image4555.jpg,Candle
image7706.jpg,Miscellaneous
image8421.jpg,Christmas_Tree
image6469.jpg,Christmas_Tree
image9617.jpg,Miscellaneous
image6588.jpg,Christmas_Tree
image3295.jpg,Miscellaneous
image6532.jpg,Miscellaneous
image6725.jpg,Miscellaneous
image5544.jpg,Christmas_Tree
image5769.jpg,Candle
image3804.jpg,Miscellaneous
image9412.jpg,Snowman
image3677.jpg,Christmas_Tree
image7311.jpg,Snowman
image7835.jpg,Miscellaneous
image9846.jpg,Candle
image9876.jpg,Snowman
image6452.jpg,Miscellaneous
image3968.jpg,Christmas_Tree
image113.jpg,Snowman
image8370.jpg,Miscellaneous
image87.jpg,Snowman
image8691.jpg,Candle
image8565.jpg,Miscellaneous
image6178.jpg,Miscellaneous
image6272.jpg,Christmas_Tree
image5096.jpg,Jacket
image4561.jpg,Snowman
image5987.jpg,Christmas_Tree
image2643.jpg,Miscellaneous
image8304.jpg,Snowman
image9285.jpg,Jacket
image8297.jpg,Christmas_Tree
image5165.jpg,Miscellaneous
image4596.jpg,Miscellaneous
image1733.jpg,Jacket
image4626.jpg,Miscellaneous
image8227.jpg,Miscellaneous
image5027.jpg,Miscellaneous
image4643.jpg,Snowman
image5653.jpg,Miscellaneous
image8924.jpg,Airplane
image3534.jpg,Miscellaneous
image2226.jpg,Christmas_Tree
image7918.jpg,Jacket
image9767.jpg,Snowman
image7815.jpg,Christmas_Tree
image4103.jpg,Miscellaneous
image3038.jpg,Christmas_Tree
image5345.jpg,Snowman
image6585.jpg,Snowman
image3728.jpg,Candle
image4764.jpg,Jacket
image5170.jpg,Miscellaneous
image3076.jpg,Candle
image4235.jpg,Christmas_Tree
image4941.jpg,Miscellaneous
image5368.jpg,Candle
image2733.jpg,Christmas_Tree
image7643.jpg,Miscellaneous
image3807.jpg,Snowman
image9926.jpg,Miscellaneous
image6499.jpg,Miscellaneous
image7471.jpg,Candle
image4269.jpg,Snowman
image301.jpg,Candle
image7879.jpg,Miscellaneous
image7783.jpg,Miscellaneous
image3441.jpg,Miscellaneous
image6300.jpg,Airplane
image5336.jpg,Christmas_Tree
image4209.jpg,Snowman
image7817.jpg,Candle
image1807.jpg,Miscellaneous
image86.jpg,Snowman
image7052.jpg,Snowman
image4076.jpg,Candle
image2817.jpg,Christmas_Tree
image9304.jpg,Miscellaneous
image6072.jpg,Christmas_Tree
image1014.jpg,Miscellaneous
image9146.jpg,Miscellaneous
image8528.jpg,Christmas_Tree
image9436.jpg,Miscellaneous
image429.jpg,Miscellaneous
image6171.jpg,Miscellaneous
image7266.jpg,Candle
image45.jpg,Miscellaneous
image4814.jpg,Christmas_Tree
image3885.jpg,Christmas_Tree
image2283.jpg,Christmas_Tree
image4954.jpg,Miscellaneous
image5109.jpg,Miscellaneous
image3025.jpg,Miscellaneous
image37.jpg,Jacket
image6053.jpg,Christmas_Tree
image6291.jpg,Miscellaneous
image2358.jpg,Snowman
image784.jpg,Miscellaneous
image8785.jpg,Miscellaneous
image1121.jpg,Miscellaneous
image4306.jpg,Miscellaneous
image6877.jpg,Miscellaneous
image4719.jpg,Miscellaneous
image8337.jpg,Snowman
image918.jpg,Snowman
image2295.jpg,Miscellaneous
image7915.jpg,Christmas_Tree
image3720.jpg,Miscellaneous
image6791.jpg,Christmas_Tree
image7170.jpg,Miscellaneous
image7901.jpg,Candle
image3073.jpg,Miscellaneous
image5828.jpg,Miscellaneous
image979.jpg,Jacket
image7505.jpg,Snowman
image2129.jpg,Christmas_Tree
image2889.jpg,Christmas_Tree
image5316.jpg,Snowman
image7357.jpg,Miscellaneous
image3496.jpg,Candle
image299.jpg,Christmas_Tree
image6153.jpg,Christmas_Tree
image4370.jpg,Miscellaneous
image4160.jpg,Miscellaneous
image7402.jpg,Miscellaneous
image5051.jpg,Jacket
image4034.jpg,Christmas_Tree
image8952.jpg,Airplane
image7037.jpg,Miscellaneous
image448.jpg,Miscellaneous
image5115.jpg,Miscellaneous
image4966.jpg,Snowman
image7772.jpg,Christmas_Tree
image8779.jpg,Candle
image8616.jpg,Christmas_Tree
image4108.jpg,Snowman
image5382.jpg,Miscellaneous
image6039.jpg,Christmas_Tree
image9564.jpg,Candle
image3084.jpg,Miscellaneous
image1371.jpg,Miscellaneous
image7754.jpg,Miscellaneous
image3604.jpg,Candle
image5133.jpg,Miscellaneous
image7971.jpg,Miscellaneous
image192.jpg,Miscellaneous
image640.jpg,Miscellaneous
image6622.jpg,Snowman
image4261.jpg,Airplane
image9473.jpg,Candle
image7176.jpg,Christmas_Tree
image3379.jpg,Snowman
image3484.jpg,Miscellaneous
image3856.jpg,Candle
image8778.jpg,Miscellaneous
image4885.jpg,Miscellaneous
image6066.jpg,Jacket
image2483.jpg,Miscellaneous
image3053.jpg,Christmas_Tree
image4736.jpg,Snowman
image1987.jpg,Miscellaneous
image7096.jpg,Christmas_Tree
image6246.jpg,Miscellaneous
image632.jpg,Candle
image4641.jpg,Snowman
image9835.jpg,Snowman
image7583.jpg,Christmas_Tree
image9315.jpg,Christmas_Tree
image59.jpg,Miscellaneous
image4442.jpg,Miscellaneous
image5073.jpg,Christmas_Tree
image8668.jpg,Miscellaneous
image1932.jpg,Miscellaneous
image3945.jpg,Miscellaneous
image829.jpg,Christmas_Tree
image2661.jpg,Christmas_Tree
image3323.jpg,Miscellaneous
image6189.jpg,Christmas_Tree
image3810.jpg,Miscellaneous
image6805.jpg,Miscellaneous
image694.jpg,Candle
image7893.jpg,Miscellaneous
image2855.jpg,Christmas_Tree
image9956.jpg,Miscellaneous
image196.jpg,Snowman
image1889.jpg,Miscellaneous
image6683.jpg,Miscellaneous
image6720.jpg,Christmas_Tree
image9702.jpg,Candle
image9595.jpg,Candle
image4070.jpg,Snowman
image8215.jpg,Miscellaneous
image1697.jpg,Airplane
image64.jpg,Miscellaneous
image9019.jpg,Miscellaneous
image2425.jpg,Jacket
image15.jpg,Jacket
image8120.jpg,Christmas_Tree
image2392.jpg,Candle
image4230.jpg,Miscellaneous
image6199.jpg,Miscellaneous
image3111.jpg,Jacket
image6349.jpg,Miscellaneous
image4325.jpg,Miscellaneous
image7216.jpg,Christmas_Tree
image7610.jpg,Snowman
image3478.jpg,Miscellaneous
image3896.jpg,Miscellaneous
image4822.jpg,Snowman
image1783.jpg,Christmas_Tree
image9251.jpg,Miscellaneous
image6807.jpg,Christmas_Tree
image8810.jpg,Miscellaneous
image4018.jpg,Miscellaneous
image1763.jpg,Christmas_Tree
image215.jpg,Snowman
image333.jpg,Airplane
image597.jpg,Candle
image2256.jpg,Miscellaneous
image691.jpg,Candle
image6772.jpg,Miscellaneous
image6675.jpg,Miscellaneous
image2218.jpg,Miscellaneous
image6758.jpg,Miscellaneous
image8382.jpg,Miscellaneous
image2168.jpg,Christmas_Tree
image7787.jpg,Miscellaneous
image8464.jpg,Miscellaneous
image7253.jpg,Jacket
image7569.jpg,Miscellaneous
image9870.jpg,Miscellaneous
image5377.jpg,Miscellaneous
image4094.jpg,Candle
image4013.jpg,Snowman
image7209.jpg,Christmas_Tree
image4075.jpg,Miscellaneous
image8838.jpg,Airplane
image127.jpg,Miscellaneous
image4055.jpg,Candle
image2669.jpg,Snowman
image30.jpg,Christmas_Tree
image4064.jpg,Candle
image5683.jpg,Candle
image2317.jpg,Christmas_Tree
image7969.jpg,Jacket
image7446.jpg,Miscellaneous
image5326.jpg,Christmas_Tree
image7349.jpg,Candle
image3485.jpg,Miscellaneous
image4400.jpg,Christmas_Tree
image8618.jpg,Jacket
image8807.jpg,Jacket
image2945.jpg,Jacket
image6080.jpg,Miscellaneous
image1869.jpg,Jacket
image3833.jpg,Miscellaneous
image7943.jpg,Miscellaneous
image9098.jpg,Miscellaneous
image1013.jpg,Miscellaneous
image6852.jpg,Miscellaneous
image7127.jpg,Airplane
image665.jpg,Jacket
image1900.jpg,Miscellaneous
image4690.jpg,Candle
image5467.jpg,Candle
image4421.jpg,Miscellaneous
image9386.jpg,Miscellaneous
image7318.jpg,Candle
image408.jpg,Christmas_Tree
image8101.jpg,Miscellaneous
image6760.jpg,Snowman
image7268.jpg,Christmas_Tree
image1126.jpg,Miscellaneous
image6050.jpg,Jacket
image7473.jpg,Miscellaneous
image9157.jpg,Miscellaneous
image517.jpg,Miscellaneous
image5273.jpg,Airplane
image973.jpg,Christmas_Tree
image2337.jpg,Miscellaneous
image4620.jpg,Snowman
image816.jpg,Airplane
image6404.jpg,Snowman
image760.jpg,Christmas_Tree
image1562.jpg,Snowman
image7576.jpg,Candle
image3344.jpg,Miscellaneous
image3349.jpg,Jacket
image3883.jpg,Christmas_Tree
image5473.jpg,Miscellaneous
image5110.jpg,Miscellaneous
image5353.jpg,Airplane
image2167.jpg,Snowman
image6142.jpg,Miscellaneous
image6719.jpg,Miscellaneous
image2089.jpg,Snowman
image6481.jpg,Jacket
image7814.jpg,Airplane
image2148.jpg,Christmas_Tree
image8610.jpg,Miscellaneous
image1307.jpg,Snowman
image9745.jpg,Candle
image8025.jpg,Miscellaneous
image8990.jpg,Christmas_Tree
image8189.jpg,Miscellaneous
image9798.jpg,Miscellaneous
image720.jpg,Miscellaneous
image1188.jpg,Snowman
image928.jpg,Miscellaneous
image4445.jpg,Snowman
image1679.jpg,Miscellaneous
image1683.jpg,Miscellaneous
image8090.jpg,Christmas_Tree
image8134.jpg,Christmas_Tree
image6387.jpg,Miscellaneous
image3015.jpg,Jacket
image2635.jpg,Christmas_Tree
image527.jpg,Miscellaneous
image6533.jpg,Jacket
image9668.jpg,Miscellaneous
image6385.jpg,Candle
image8398.jpg,Airplane
image213.jpg,Candle
image6472.jpg,Jacket
image6304.jpg,Christmas_Tree
image4716.jpg,Christmas_Tree
image871.jpg,Miscellaneous
image6751.jpg,Miscellaneous
image1682.jpg,Miscellaneous
image447.jpg,Christmas_Tree
image55.jpg,Christmas_Tree
image9674.jpg,Miscellaneous
image7547.jpg,Candle
image4125.jpg,Snowman
image2034.jpg,Miscellaneous
image3150.jpg,Snowman
image3630.jpg,Miscellaneous
image6514.jpg,Candle
image1614.jpg,Snowman
image390.jpg,Jacket
image3081.jpg,Miscellaneous
image3925.jpg,Miscellaneous
image6347.jpg,Miscellaneous
image8052.jpg,Christmas_Tree
image9868.jpg,Miscellaneous
image3227.jpg,Jacket
image1483.jpg,Miscellaneous
image8751.jpg,Snowman
image8271.jpg,Jacket
image6212.jpg,Miscellaneous
image1990.jpg,Miscellaneous
image7184.jpg,Christmas_Tree
image6572.jpg,Christmas_Tree
image9309.jpg,Snowman
image8776.jpg,Christmas_Tree
image8292.jpg,Miscellaneous
image8392.jpg,Candle
image8289.jpg,Christmas_Tree
image2866.jpg,Miscellaneous
image4836.jpg,Snowman
image5036.jpg,Christmas_Tree
image1150.jpg,Miscellaneous
image1788.jpg,Christmas_Tree
image4830.jpg,Miscellaneous
image5549.jpg,Miscellaneous
image7226.jpg,Christmas_Tree
image2143.jpg,Snowman
image531.jpg,Airplane
image3845.jpg,Christmas_Tree
image3783.jpg,Snowman
image2725.jpg,Miscellaneous
image82.jpg,Christmas_Tree
image7368.jpg,Miscellaneous
image7905.jpg,Christmas_Tree
image8300.jpg,Snowman
image8229.jpg,Candle
image1167.jpg,Miscellaneous
image8465.jpg,Christmas_Tree
image9599.jpg,Snowman
image3233.jpg,Miscellaneous
image9012.jpg,Miscellaneous
image6525.jpg,Snowman
image4145.jpg,Snowman
image2807.jpg,Snowman
image1148.jpg,Miscellaneous
image7926.jpg,Snowman
image4774.jpg,Miscellaneous
image2244.jpg,Christmas_Tree
image1772.jpg,Jacket
image6016.jpg,Christmas_Tree
image3222.jpg,Christmas_Tree
image7605.jpg,Christmas_Tree
image7442.jpg,Candle
image3113.jpg,Miscellaneous
image3049.jpg,Miscellaneous
image2872.jpg,Christmas_Tree
image3655.jpg,Snowman
image8394.jpg,Airplane
image1850.jpg,Christmas_Tree
image4039.jpg,Miscellaneous
image2438.jpg,Christmas_Tree
image3718.jpg,Jacket
image654.jpg,Snowman
image1233.jpg,Miscellaneous
image3154.jpg,Airplane
image1042.jpg,Miscellaneous
image5135.jpg,Snowman
image3639.jpg,Candle
image60.jpg,Snowman
image5931.jpg,Miscellaneous
image8403.jpg,Candle
image7980.jpg,Miscellaneous
image2892.jpg,Miscellaneous
image6982.jpg,Christmas_Tree
image2396.jpg,Miscellaneous
image3737.jpg,Jacket
image9051.jpg,Snowman
image1440.jpg,Candle
image9072.jpg,Christmas_Tree
image7403.jpg,Snowman
image4625.jpg,Miscellaneous
image3874.jpg,Candle
image5684.jpg,Christmas_Tree
image7350.jpg,Christmas_Tree
image8328.jpg,Miscellaneous
image4279.jpg,Miscellaneous
image225.jpg,Miscellaneous
image5767.jpg,Christmas_Tree
image2067.jpg,Christmas_Tree
image5394.jpg,Miscellaneous
image4820.jpg,Snowman
image9861.jpg,Miscellaneous
image2991.jpg,Miscellaneous
image8472.jpg,Miscellaneous
image5786.jpg,Christmas_Tree
image5524.jpg,Miscellaneous
image3574.jpg,Miscellaneous
image1160.jpg,Miscellaneous
image3538.jpg,Miscellaneous
image8799.jpg,Miscellaneous
image1829.jpg,Miscellaneous
image2766.jpg,Miscellaneous
image2047.jpg,Jacket
image2799.jpg,Miscellaneous
image1270.jpg,Miscellaneous
image5647.jpg,Christmas_Tree
image2594.jpg,Miscellaneous
image6068.jpg,Candle
image1768.jpg,Miscellaneous
image6747.jpg,Jacket
image5311.jpg,Snowman
image9186.jpg,Christmas_Tree
image6027.jpg,Jacket
image2750.jpg,Snowman
image1724.jpg,Miscellaneous
image6451.jpg,Miscellaneous
image7794.jpg,Miscellaneous
image7653.jpg,Christmas_Tree
image7155.jpg,Miscellaneous
image2843.jpg,Jacket
image2624.jpg,Snowman
image4067.jpg,Snowman
image6944.jpg,Miscellaneous
image534.jpg,Snowman
image8587.jpg,Snowman
image5374.jpg,Christmas_Tree
image8447.jpg,Jacket
image6073.jpg,Christmas_Tree
image5327.jpg,Miscellaneous
image707.jpg,Snowman
image2022.jpg,Miscellaneous
image1815.jpg,Christmas_Tree
image6508.jpg,Christmas_Tree
image4798.jpg,Christmas_Tree
image4173.jpg,Snowman
image6909.jpg,Jacket
image2348.jpg,Christmas_Tree
image7524.jpg,Miscellaneous
image5433.jpg,Miscellaneous
image8301.jpg,Jacket
image2905.jpg,Snowman
image5932.jpg,Miscellaneous
image3851.jpg,Candle
image3416.jpg,Miscellaneous
image4990.jpg,Miscellaneous
image6602.jpg,Candle
image8142.jpg,Miscellaneous
image8512.jpg,Miscellaneous
image5613.jpg,Miscellaneous
image8884.jpg,Christmas_Tree
image8249.jpg,Miscellaneous
image2078.jpg,Miscellaneous
image3424.jpg,Miscellaneous
image2176.jpg,Miscellaneous
image3932.jpg,Miscellaneous
image9547.jpg,Christmas_Tree
image3456.jpg,Miscellaneous
image5031.jpg,Christmas_Tree
image5390.jpg,Miscellaneous
image1707.jpg,Miscellaneous
image280.jpg,Miscellaneous
image4584.jpg,Miscellaneous
image5559.jpg,Miscellaneous
image5845.jpg,Miscellaneous
image8811.jpg,Snowman
image1791.jpg,Christmas_Tree
image6941.jpg,Christmas_Tree
image742.jpg,Candle
image6711.jpg,Christmas_Tree
image8932.jpg,Christmas_Tree
image5472.jpg,Miscellaneous
image4903.jpg,Christmas_Tree
image5901.jpg,Candle
image9313.jpg,Miscellaneous
image7855.jpg,Snowman
image9596.jpg,Christmas_Tree
image4374.jpg,Snowman
image9704.jpg,Jacket
image1277.jpg,Jacket
image6222.jpg,Candle
image7691.jpg,Miscellaneous
image5075.jpg,Snowman
image1484.jpg,Candle
image3250.jpg,Jacket
image4038.jpg,Snowman
image2740.jpg,Miscellaneous
image9618.jpg,Miscellaneous
image7894.jpg,Miscellaneous
image1334.jpg,Christmas_Tree
image3952.jpg,Snowman
image6026.jpg,Miscellaneous
image6895.jpg,Jacket
image6985.jpg,Jacket
image5386.jpg,Snowman
image6548.jpg,Miscellaneous
image5246.jpg,Miscellaneous
image1835.jpg,Candle
image2540.jpg,Miscellaneous
image5194.jpg,Snowman
image933.jpg,Candle
image9880.jpg,Christmas_Tree
image4779.jpg,Christmas_Tree
image4285.jpg,Candle
image438.jpg,Snowman
image5367.jpg,Miscellaneous
image7896.jpg,Christmas_Tree
image9403.jpg,Miscellaneous
image9489.jpg,Christmas_Tree
image2193.jpg,Christmas_Tree
image6340.jpg,Miscellaneous
image2841.jpg,Miscellaneous
image7557.jpg,Miscellaneous
image7489.jpg,Christmas_Tree
image318.jpg,Candle
image4558.jpg,Jacket
image9347.jpg,Miscellaneous
image9451.jpg,Christmas_Tree
image3127.jpg,Miscellaneous
image7158.jpg,Miscellaneous
image1711.jpg,Christmas_Tree
image2957.jpg,Miscellaneous
image4897.jpg,Miscellaneous
image4560.jpg,Miscellaneous
image9616.jpg,Miscellaneous
image2844.jpg,Christmas_Tree
image7296.jpg,Christmas_Tree
image5063.jpg,Miscellaneous
image2754.jpg,Miscellaneous
image3187.jpg,Christmas_Tree
image8159.jpg,Jacket
image8393.jpg,Miscellaneous
image1639.jpg,Christmas_Tree
image3847.jpg,Christmas_Tree
image2301.jpg,Christmas_Tree
image5662.jpg,Airplane
image6491.jpg,Snowman
image5462.jpg,Miscellaneous
image4243.jpg,Miscellaneous
image5748.jpg,Miscellaneous
image6185.jpg,Christmas_Tree
image7392.jpg,Miscellaneous
image685.jpg,Snowman
image5666.jpg,Miscellaneous
image3960.jpg,Snowman
image6649.jpg,Airplane
image4196.jpg,Miscellaneous
image7480.jpg,Snowman
image7472.jpg,Snowman
image2341.jpg,Miscellaneous
image7774.jpg,Miscellaneous
image8319.jpg,Candle
image6354.jpg,Christmas_Tree
image3597.jpg,Snowman
image9696.jpg,Christmas_Tree
image1161.jpg,Christmas_Tree
image4234.jpg,Jacket
image1087.jpg,Miscellaneous
image1279.jpg,Christmas_Tree
image6033.jpg,Snowman
image3305.jpg,Snowman
image1833.jpg,Christmas_Tree
image9279.jpg,Candle
image5635.jpg,Jacket
image591.jpg,Miscellaneous
image4849.jpg,Miscellaneous
image8628.jpg,Snowman
image341.jpg,Airplane
image9118.jpg,Snowman
image6710.jpg,Candle
image3097.jpg,Miscellaneous
image1547.jpg,Miscellaneous
image5404.jpg,Snowman
image273.jpg,Christmas_Tree
image6047.jpg,Christmas_Tree
image2984.jpg,Snowman
image7102.jpg,Airplane
image6847.jpg,Candle
image9949.jpg,Candle
image2783.jpg,Christmas_Tree
image4272.jpg,Snowman
image6150.jpg,Jacket
image2718.jpg,Miscellaneous
image900.jpg,Snowman
image4751.jpg,Miscellaneous
image1729.jpg,Candle
image2903.jpg,Christmas_Tree
image3880.jpg,Miscellaneous
image7842.jpg,Snowman
image5095.jpg,Christmas_Tree
image7240.jpg,Miscellaneous
image8923.jpg,Christmas_Tree
image5107.jpg,Christmas_Tree
image2830.jpg,Miscellaneous
image5086.jpg,Christmas_Tree
image360.jpg,Snowman
image8887.jpg,Jacket
image1906.jpg,Snowman
image6464.jpg,Candle
image5222.jpg,Miscellaneous
image2515.jpg,Miscellaneous
image9637.jpg,Christmas_Tree
image7009.jpg,Miscellaneous
image942.jpg,Jacket
image2868.jpg,Snowman
image1703.jpg,Candle
image6159.jpg,Jacket
image1824.jpg,Airplane
image1043.jpg,Christmas_Tree
image6015.jpg,Snowman
image1355.jpg,Miscellaneous
image690.jpg,Miscellaneous
image2175.jpg,Miscellaneous
image9912.jpg,Airplane
image8256.jpg,Jacket
image1466.jpg,Jacket
image3054.jpg,Candle
image9951.jpg,Christmas_Tree
image8927.jpg,Christmas_Tree
image5456.jpg,Snowman
image583.jpg,Miscellaneous
image6855.jpg,Christmas_Tree
image2863.jpg,Miscellaneous
image9741.jpg,Airplane
image7278.jpg,Christmas_Tree
image8922.jpg,Miscellaneous
image768.jpg,Candle
image3489.jpg,Miscellaneous
image9373.jpg,Christmas_Tree
image9448.jpg,Snowman
image2996.jpg,Snowman
image199.jpg,Candle
image4278.jpg,Miscellaneous
image7791.jpg,Christmas_Tree
image8502.jpg,Christmas_Tree
image8149.jpg,Airplane
image893.jpg,Snowman
image669.jpg,Miscellaneous
image5179.jpg,Miscellaneous
image4089.jpg,Christmas_Tree
image5640.jpg,Snowman
image4994.jpg,Miscellaneous
image4713.jpg,Snowman
image5272.jpg,Miscellaneous
image4701.jpg,Miscellaneous
image3523.jpg,Miscellaneous
image7922.jpg,Miscellaneous
image3722.jpg,Christmas_Tree
image7032.jpg,Miscellaneous
image2502.jpg,Snowman
image3341.jpg,Miscellaneous
image3414.jpg,Snowman
image7033.jpg,Snowman
image7053.jpg,Miscellaneous
image7978.jpg,Candle
image1693.jpg,Candle
image2747.jpg,Christmas_Tree
image1361.jpg,Candle
image8470.jpg,Christmas_Tree
image7768.jpg,Jacket
image7885.jpg,Christmas_Tree
image4784.jpg,Miscellaneous
image262.jpg,Candle
image5283.jpg,Miscellaneous
image2564.jpg,Christmas_Tree
image560.jpg,Miscellaneous
image6587.jpg,Christmas_Tree
image9662.jpg,Candle
image2362.jpg,Miscellaneous
image4397.jpg,Candle
image8296.jpg,Christmas_Tree
image4223.jpg,Miscellaneous
image3213.jpg,Candle
image8794.jpg,Miscellaneous
image1943.jpg,Miscellaneous
image4187.jpg,Miscellaneous
image1303.jpg,Christmas_Tree
image912.jpg,Jacket
image9087.jpg,Miscellaneous
image3219.jpg,Miscellaneous
image9168.jpg,Christmas_Tree
image1201.jpg,Airplane
image3501.jpg,Miscellaneous
image6182.jpg,Christmas_Tree
image1558.jpg,Candle
image335.jpg,Miscellaneous
image3788.jpg,Miscellaneous
image9849.jpg,Snowman
image8463.jpg,Christmas_Tree
image8458.jpg,Miscellaneous
image650.jpg,Jacket
image3499.jpg,Christmas_Tree
image2343.jpg,Miscellaneous
image1902.jpg,Snowman
image2786.jpg,Candle
image5726.jpg,Miscellaneous
image4489.jpg,Christmas_Tree
image7931.jpg,Candle
image1545.jpg,Miscellaneous
image2968.jpg,Christmas_Tree
image6996.jpg,Snowman
image4435.jpg,Miscellaneous
image6614.jpg,Christmas_Tree
image1183.jpg,Snowman
image3244.jpg,Christmas_Tree
image7348.jpg,Snowman
image6149.jpg,Miscellaneous
image5600.jpg,Miscellaneous
image6604.jpg,Miscellaneous
image9484.jpg,Jacket
image9540.jpg,Christmas_Tree
image253.jpg,Snowman
image1687.jpg,Jacket
image7105.jpg,Snowman
image4410.jpg,Christmas_Tree
image6164.jpg,Miscellaneous
image2080.jpg,Christmas_Tree
image8986.jpg,Snowman
image8725.jpg,Christmas_Tree
image850.jpg,Airplane
image2407.jpg,Snowman
image7283.jpg,Miscellaneous
image3461.jpg,Miscellaneous
image946.jpg,Jacket
image7567.jpg,Miscellaneous
image3938.jpg,Jacket
image2700.jpg,Miscellaneous
image7272.jpg,Snowman
image4655.jpg,Christmas_Tree
image8675.jpg,Jacket
image1606.jpg,Christmas_Tree
image3546.jpg,Christmas_Tree
image5926.jpg,Airplane
image4376.jpg,Miscellaneous
image967.jpg,Christmas_Tree
image6257.jpg,Christmas_Tree
image1996.jpg,Christmas_Tree
image7749.jpg,Miscellaneous
image536.jpg,Miscellaneous
image8856.jpg,Candle
image2890.jpg,Miscellaneous
image5329.jpg,Miscellaneous
image2364.jpg,Snowman
image1359.jpg,Candle
image6169.jpg,Snowman
image1242.jpg,Snowman
image4688.jpg,Christmas_Tree
image8600.jpg,Snowman
image4200.jpg,Candle
image9542.jpg,Christmas_Tree
image2107.jpg,Miscellaneous
image5884.jpg,Miscellaneous
image7147.jpg,Miscellaneous
image8674.jpg,Miscellaneous
image2233.jpg,Miscellaneous
image3881.jpg,Airplane
image626.jpg,Jacket
image6004.jpg,Miscellaneous
image2780.jpg,Christmas_Tree
image8829.jpg,Christmas_Tree
image244.jpg,Miscellaneous
image5953.jpg,Snowman
image3525.jpg,Christmas_Tree
image4568.jpg,Christmas_Tree
image1040.jpg,Miscellaneous
image6746.jpg,Miscellaneous
image9109.jpg,Christmas_Tree
image3830.jpg,Miscellaneous
image2350.jpg,Airplane
image9337.jpg,Christmas_Tree
image2891.jpg,Miscellaneous
image4297.jpg,Christmas_Tree
image248.jpg,Snowman
image4104.jpg,Miscellaneous
image3042.jpg,Jacket
image6819.jpg,Miscellaneous
image3229.jpg,Snowman
image4704.jpg,Miscellaneous
image9427.jpg,Miscellaneous
image8245.jpg,Christmas_Tree
image2485.jpg,Christmas_Tree
image6937.jpg,Miscellaneous
image5123.jpg,Miscellaneous
image456.jpg,Miscellaneous
image4016.jpg,Christmas_Tree
image3079.jpg,Miscellaneous
image9183.jpg,Miscellaneous
image3908.jpg,Jacket
image97.jpg,Miscellaneous
image4940.jpg,Miscellaneous
image1424.jpg,Jacket
image8048.jpg,Christmas_Tree
image5896.jpg,Miscellaneous
image1478.jpg,Candle
image8529.jpg,Christmas_Tree
image8781.jpg,Snowman
image2099.jpg,Miscellaneous
image5599.jpg,Snowman
image7210.jpg,Christmas_Tree
image7056.jpg,Christmas_Tree
image4563.jpg,Christmas_Tree
image1752.jpg,Airplane
image572.jpg,Jacket
image5270.jpg,Miscellaneous
image2840.jpg,Miscellaneous
image921.jpg,Miscellaneous
image3205.jpg,Jacket
image541.jpg,Miscellaneous
image737.jpg,Miscellaneous
image5648.jpg,Christmas_Tree
image5977.jpg,Snowman
image1673.jpg,Airplane
image796.jpg,Miscellaneous
image8284.jpg,Christmas_Tree
image6980.jpg,Snowman
image4898.jpg,Christmas_Tree
image7851.jpg,Miscellaneous
image4498.jpg,Candle
image6991.jpg,Airplane
image3933.jpg,Miscellaneous
image254.jpg,Miscellaneous
image7062.jpg,Christmas_Tree
image7570.jpg,Christmas_Tree
image52.jpg,Airplane
image2263.jpg,Snowman
image3512.jpg,Snowman
image2137.jpg,Miscellaneous
image6364.jpg,Snowman
image2270.jpg,Miscellaneous
image2497.jpg,Miscellaneous
image4253.jpg,Miscellaneous
image2924.jpg,Airplane
image5770.jpg,Miscellaneous
image6689.jpg,Candle
image5702.jpg,Christmas_Tree
image6307.jpg,Miscellaneous
image8000.jpg,Christmas_Tree
image9569.jpg,Christmas_Tree
image2481.jpg,Miscellaneous
image2211.jpg,Snowman
image9115.jpg,Miscellaneous
image3624.jpg,Snowman
image9740.jpg,Candle
image8569.jpg,Miscellaneous
image5945.jpg,Christmas_Tree
image2060.jpg,Snowman
image8151.jpg,Christmas_Tree
image4292.jpg,Miscellaneous
image2476.jpg,Miscellaneous
image8857.jpg,Miscellaneous
image736.jpg,Miscellaneous
image7227.jpg,Miscellaneous
image1843.jpg,Jacket
image747.jpg,Miscellaneous
image7086.jpg,Miscellaneous
image7639.jpg,Jacket
image144.jpg,Snowman
image353.jpg,Jacket
image4602.jpg,Miscellaneous
image4857.jpg,Miscellaneous
image8363.jpg,Snowman
image9239.jpg,Christmas_Tree
image1618.jpg,Miscellaneous
image4416.jpg,Snowman
image2006.jpg,Christmas_Tree
image304.jpg,Christmas_Tree
image8336.jpg,Christmas_Tree
image7077.jpg,Christmas_Tree
image8987.jpg,Candle
image3238.jpg,Miscellaneous
image1175.jpg,Christmas_Tree
image9539.jpg,Snowman
image7947.jpg,Candle
image9429.jpg,Miscellaneous
image1796.jpg,Candle
image6709.jpg,Miscellaneous
image6010.jpg,Candle
image8015.jpg,Miscellaneous
image2057.jpg,Christmas_Tree
image2246.jpg,Miscellaneous
image7090.jpg,Airplane
image9094.jpg,Snowman
image8183.jpg,Candle
image6256.jpg,Miscellaneous
image2978.jpg,Jacket
image7579.jpg,Miscellaneous
image9037.jpg,Snowman
image2732.jpg,Christmas_Tree
image8578.jpg,Miscellaneous
image4254.jpg,Miscellaneous
image4449.jpg,Miscellaneous
image624.jpg,Airplane
image8306.jpg,Miscellaneous
image5731.jpg,Miscellaneous
image713.jpg,Christmas_Tree
image49.jpg,Miscellaneous
image2305.jpg,Miscellaneous
image8024.jpg,Candle
image7306.jpg,Miscellaneous
image9826.jpg,Miscellaneous
image5872.jpg,Candle
image4453.jpg,Miscellaneous
image6810.jpg,Miscellaneous
image9444.jpg,Christmas_Tree
image3852.jpg,Christmas_Tree
image9314.jpg,Christmas_Tree
image6331.jpg,Jacket
image4300.jpg,Miscellaneous
image3793.jpg,Miscellaneous
image1200.jpg,Miscellaneous
image32.jpg,Miscellaneous
image2960.jpg,Christmas_Tree
image6163.jpg,Jacket
image1822.jpg,Jacket
image9007.jpg,Christmas_Tree
image5710.jpg,Christmas_Tree
image66.jpg,Christmas_Tree
image8883.jpg,Candle
image5303.jpg,Christmas_Tree
image1773.jpg,Miscellaneous
image2857.jpg,Snowman
image1337.jpg,Miscellaneous
image255.jpg,Miscellaneous
image1350.jpg,Miscellaneous
image3533.jpg,Christmas_Tree
image2675.jpg,Jacket
image9470.jpg,Miscellaneous
image8803.jpg,Miscellaneous
image276.jpg,Christmas_Tree
image1570.jpg,Jacket
image1779.jpg,Miscellaneous
image7059.jpg,Jacket
image8677.jpg,Christmas_Tree
image5582.jpg,Christmas_Tree
image4827.jpg,Christmas_Tree
image480.jpg,Miscellaneous
image1385.jpg,Miscellaneous
image749.jpg,Miscellaneous
image3592.jpg,Snowman
image7493.jpg,Christmas_Tree
image1181.jpg,Airplane
image3070.jpg,Candle
image2548.jpg,Christmas_Tree
image7113.jpg,Christmas_Tree
image2619.jpg,Miscellaneous
image61.jpg,Miscellaneous
image9190.jpg,Candle
image4133.jpg,Christmas_Tree
image9232.jpg,Snowman
image8107.jpg,Candle
image9464.jpg,Christmas_Tree
image1879.jpg,Christmas_Tree
image2322.jpg,Christmas_Tree
image4753.jpg,Miscellaneous
image9388.jpg,Miscellaneous
image2566.jpg,Christmas_Tree
image6930.jpg,Airplane
image3645.jpg,Christmas_Tree
image971.jpg,Miscellaneous
image6483.jpg,Snowman
image8650.jpg,Miscellaneous
image6913.jpg,Miscellaneous
image9901.jpg,Airplane
image3207.jpg,Candle
image7284.jpg,Christmas_Tree
image2023.jpg,Christmas_Tree
image5801.jpg,Snowman
image100.jpg,Miscellaneous
image2142.jpg,Snowman
image8017.jpg,Miscellaneous
image5223.jpg,Miscellaneous
image559.jpg,Snowman
image8950.jpg,Christmas_Tree
image1601.jpg,Miscellaneous
image3641.jpg,Jacket
image7777.jpg,Snowman
image1754.jpg,Candle
image8536.jpg,Snowman
image1605.jpg,Miscellaneous
image8432.jpg,Snowman
image6523.jpg,Miscellaneous
image2513.jpg,Miscellaneous
image7222.jpg,Snowman
image6429.jpg,Jacket
image7177.jpg,Christmas_Tree
image9110.jpg,Snowman
image7481.jpg,Miscellaneous
image4577.jpg,Miscellaneous
image7484.jpg,Candle
image743.jpg,Snowman
image6434.jpg,Miscellaneous
image8125.jpg,Snowman
image2354.jpg,Miscellaneous
image2682.jpg,Miscellaneous
image4853.jpg,Miscellaneous
image3411.jpg,Candle
image4268.jpg,Miscellaneous
image452.jpg,Snowman
image2896.jpg,Christmas_Tree
image2329.jpg,Miscellaneous
image3930.jpg,Jacket
image2645.jpg,Christmas_Tree
image8906.jpg,Airplane
image2388.jpg,Miscellaneous
image8307.jpg,Candle
image2186.jpg,Christmas_Tree
image5668.jpg,Jacket
image322.jpg,Candle
image1439.jpg,Miscellaneous
image1557.jpg,Airplane
image1871.jpg,Miscellaneous
image1127.jpg,Jacket
image3316.jpg,Snowman
image182.jpg,Christmas_Tree
image1674.jpg,Miscellaneous
image9162.jpg,Christmas_Tree
image8707.jpg,Miscellaneous
image4597.jpg,Christmas_Tree
image1145.jpg,Snowman
image7649.jpg,Miscellaneous
image7066.jpg,Miscellaneous
image7948.jpg,Snowman
image2888.jpg,Snowman
image2620.jpg,Snowman
image6210.jpg,Snowman
image6997.jpg,Airplane
image1645.jpg,Candle
image1523.jpg,Christmas_Tree
image1625.jpg,Miscellaneous
image3245.jpg,Snowman
image5771.jpg,Snowman
image5277.jpg,Christmas_Tree
image8326.jpg,Miscellaneous
image1204.jpg,Miscellaneous
image3588.jpg,Christmas_Tree
image2748.jpg,Miscellaneous
image9439.jpg,Christmas_Tree
image7417.jpg,Jacket
image2922.jpg,Jacket
image8858.jpg,Christmas_Tree
image8479.jpg,Christmas_Tree
image6069.jpg,Miscellaneous
image1663.jpg,Snowman
image1346.jpg,Candle
image7954.jpg,Airplane
image2731.jpg,Candle
image107.jpg,Miscellaneous
image2066.jpg,Snowman
image4718.jpg,Christmas_Tree
image4875.jpg,Miscellaneous
image2801.jpg,Miscellaneous
image7582.jpg,Snowman
image9958.jpg,Christmas_Tree
image4572.jpg,Candle
image9375.jpg,Candle
image4349.jpg,Candle
image5081.jpg,Miscellaneous
image9941.jpg,Miscellaneous
image5363.jpg,Miscellaneous
image2753.jpg,Candle
image1718.jpg,Miscellaneous
image1930.jpg,Airplane
image7534.jpg,Miscellaneous
image6841.jpg,Snowman
image7298.jpg,Christmas_Tree
image5461.jpg,Snowman
image3644.jpg,Christmas_Tree
image2874.jpg,Miscellaneous
image5254.jpg,Miscellaneous
image9716.jpg,Miscellaneous
image8295.jpg,Snowman
image5777.jpg,Candle
image2956.jpg,Miscellaneous
image7537.jpg,Airplane
image4776.jpg,Miscellaneous
image5595.jpg,Candle
image8238.jpg,Jacket
image6177.jpg,Christmas_Tree
image6392.jpg,Miscellaneous
image145.jpg,Christmas_Tree
image6827.jpg,Miscellaneous
image5004.jpg,Airplane
image2770.jpg,Snowman
image4150.jpg,Snowman
image1855.jpg,Miscellaneous
image8491.jpg,Christmas_Tree
image8258.jpg,Snowman
image2699.jpg,Miscellaneous
image9858.jpg,Jacket
image3612.jpg,Snowman
image8459.jpg,Candle
image4184.jpg,Snowman
image6697.jpg,Christmas_Tree
image3388.jpg,Snowman
image8299.jpg,Snowman
image2461.jpg,Miscellaneous
image5717.jpg,Christmas_Tree
image5743.jpg,Miscellaneous
image5438.jpg,Candle
image8033.jpg,Candle
image9943.jpg,Miscellaneous
image5973.jpg,Miscellaneous
image312.jpg,Jacket
image1913.jpg,Miscellaneous
image1429.jpg,Miscellaneous
image7286.jpg,Snowman
image6290.jpg,Snowman
image6052.jpg,Snowman
image4982.jpg,Airplane
image739.jpg,Christmas_Tree
image2320.jpg,Miscellaneous
image8982.jpg,Jacket
image1633.jpg,Snowman
image1457.jpg,Miscellaneous
image7414.jpg,Miscellaneous
image7297.jpg,Miscellaneous
image3954.jpg,Miscellaneous
image9259.jpg,Airplane
image8236.jpg,Christmas_Tree
image2020.jpg,Miscellaneous
image9243.jpg,Candle
image5293.jpg,Miscellaneous
image508.jpg,Miscellaneous
image3749.jpg,Christmas_Tree
image8606.jpg,Miscellaneous
image9721.jpg,Miscellaneous
image8095.jpg,Miscellaneous
image2491.jpg,Snowman
image874.jpg,Miscellaneous
image7883.jpg,Snowman
image386.jpg,Miscellaneous
image4963.jpg,Snowman
image8068.jpg,Miscellaneous
image3813.jpg,Christmas_Tree
image3922.jpg,Christmas_Tree
image577.jpg,Miscellaneous
image6714.jpg,Miscellaneous
image8433.jpg,Christmas_Tree
image9654.jpg,Miscellaneous
image9167.jpg,Christmas_Tree
image2869.jpg,Miscellaneous
image6014.jpg,Miscellaneous
image3200.jpg,Miscellaneous
image7444.jpg,Miscellaneous
image1316.jpg,Miscellaneous
image9928.jpg,Airplane
image5554.jpg,Miscellaneous
image6822.jpg,Jacket
image4255.jpg,Airplane
image8805.jpg,Christmas_Tree
image4518.jpg,Candle
image8051.jpg,Miscellaneous
image5664.jpg,Christmas_Tree
image9756.jpg,Christmas_Tree
image6235.jpg,Miscellaneous
image4975.jpg,Miscellaneous
image3380.jpg,Miscellaneous
image4323.jpg,Candle
image5897.jpg,Miscellaneous
image6446.jpg,Christmas_Tree
image8219.jpg,Miscellaneous
image8525.jpg,Snowman
image3457.jpg,Christmas_Tree
image7688.jpg,Miscellaneous
image6976.jpg,Miscellaneous
image4665.jpg,Snowman
image8440.jpg,Snowman
image2950.jpg,Snowman
image6629.jpg,Christmas_Tree
image5028.jpg,Miscellaneous
image3928.jpg,Christmas_Tree
image5529.jpg,Candle
image5974.jpg,Jacket
image969.jpg,Christmas_Tree
image4854.jpg,Miscellaneous
image4594.jpg,Jacket
image8378.jpg,Jacket
image1404.jpg,Airplane
image5154.jpg,Miscellaneous
image4334.jpg,Miscellaneous
image3430.jpg,Candle
image9872.jpg,Christmas_Tree
image6672.jpg,Christmas_Tree
image6896.jpg,Snowman
image8361.jpg,Snowman
image8771.jpg,Miscellaneous
image9305.jpg,Jacket
image2690.jpg,Miscellaneous
image5516.jpg,Miscellaneous
image398.jpg,Miscellaneous
image4441.jpg,Miscellaneous
image10.jpg,Miscellaneous
image7166.jpg,Miscellaneous
image1080.jpg,Miscellaneous
image724.jpg,Jacket
image9878.jpg,Snowman
image3302.jpg,Candle
image9635.jpg,Christmas_Tree
image8516.jpg,Snowman
image5373.jpg,Candle
image2913.jpg,Miscellaneous
image1398.jpg,Candle
image2581.jpg,Christmas_Tree
image6787.jpg,Miscellaneous
image1063.jpg,Christmas_Tree
image3343.jpg,Snowman
image8653.jpg,Christmas_Tree
image9728.jpg,Candle
image5520.jpg,Miscellaneous
image6970.jpg,Miscellaneous
image5723.jpg,Christmas_Tree
image1430.jpg,Christmas_Tree
image5685.jpg,Christmas_Tree
image7924.jpg,Miscellaneous
image7850.jpg,Christmas_Tree
image6095.jpg,Miscellaneous
image9268.jpg,Airplane
image2685.jpg,Miscellaneous
image9607.jpg,Miscellaneous
image6478.jpg,Miscellaneous
image7396.jpg,Snowman
image6168.jpg,Miscellaneous
image2628.jpg,Miscellaneous
image9939.jpg,Miscellaneous
image6596.jpg,Snowman
image6131.jpg,Candle
image9757.jpg,Candle
image3082.jpg,Miscellaneous
image9220.jpg,Snowman
image8268.jpg,Miscellaneous
image2463.jpg,Miscellaneous
image8842.jpg,Miscellaneous
image7723.jpg,Miscellaneous
image9063.jpg,Christmas_Tree
image4850.jpg,Miscellaneous
image1460.jpg,Miscellaneous
image2138.jpg,Snowman
image1617.jpg,Jacket
image580.jpg,Candle
image723.jpg,Miscellaneous
image2659.jpg,Christmas_Tree
image7275.jpg,Candle
image7235.jpg,Miscellaneous
image1506.jpg,Christmas_Tree
image1366.jpg,Miscellaneous
image2192.jpg,Snowman
image3077.jpg,Candle
image1301.jpg,Snowman
image4045.jpg,Snowman
image8652.jpg,Snowman
image5425.jpg,Miscellaneous
image9054.jpg,Miscellaneous
image3301.jpg,Miscellaneous
image6617.jpg,Christmas_Tree
image5440.jpg,Christmas_Tree
image5482.jpg,Jacket
image9329.jpg,Christmas_Tree
image3420.jpg,Jacket
image7034.jpg,Miscellaneous
image811.jpg,Snowman
image3638.jpg,Miscellaneous
image9366.jpg,Miscellaneous
image8235.jpg,Snowman
image3390.jpg,Christmas_Tree
image1396.jpg,Miscellaneous
image734.jpg,Miscellaneous
image9529.jpg,Christmas_Tree
image1960.jpg,Christmas_Tree
image7126.jpg,Miscellaneous
image4478.jpg,Jacket
image9814.jpg,Airplane
image440.jpg,Jacket
image7981.jpg,Miscellaneous
image7997.jpg,Miscellaneous
image4866.jpg,Miscellaneous
image4642.jpg,Miscellaneous
image7002.jpg,Christmas_Tree
image35.jpg,Jacket
image5391.jpg,Miscellaneous
image6030.jpg,Christmas_Tree
image1114.jpg,Candle
image108.jpg,Christmas_Tree
image2862.jpg,Miscellaneous
image9446.jpg,Miscellaneous
image3565.jpg,Snowman
image8715.jpg,Miscellaneous
image8124.jpg,Christmas_Tree
image6927.jpg,Jacket
image2847.jpg,Christmas_Tree
image9885.jpg,Christmas_Tree
image7234.jpg,Miscellaneous
image3001.jpg,Miscellaneous
image4138.jpg,Miscellaneous
image4134.jpg,Christmas_Tree
image3129.jpg,Airplane
image1459.jpg,Candle
image2928.jpg,Snowman
image6240.jpg,Candle
image6559.jpg,Christmas_Tree
image8006.jpg,Miscellaneous
image8979.jpg,Christmas_Tree
image1309.jpg,Miscellaneous
image3495.jpg,Snowman
image7405.jpg,Miscellaneous
image5776.jpg,Miscellaneous
image3045.jpg,Christmas_Tree
image8754.jpg,Miscellaneous
image4288.jpg,Miscellaneous
image5753.jpg,Christmas_Tree
image8681.jpg,Christmas_Tree
image5418.jpg,Miscellaneous
image9049.jpg,Snowman
image2632.jpg,Miscellaneous
image8854.jpg,Christmas_Tree
image2803.jpg,Snowman
image5545.jpg,Candle
image3014.jpg,Miscellaneous
image5312.jpg,Snowman
image3235.jpg,Miscellaneous
image5278.jpg,Miscellaneous
image2500.jpg,Snowman
image3632.jpg,Christmas_Tree
image7843.jpg,Jacket
image8849.jpg,Christmas_Tree
image8520.jpg,Snowman
image1345.jpg,Snowman
image7568.jpg,Miscellaneous
image5125.jpg,Miscellaneous
image9105.jpg,Christmas_Tree
image2326.jpg,Miscellaneous
image8287.jpg,Snowman
image8743.jpg,Miscellaneous
image5900.jpg,Christmas_Tree
image2532.jpg,Miscellaneous
image678.jpg,Candle
image3532.jpg,Miscellaneous
image7207.jpg,Christmas_Tree
image5299.jpg,Miscellaneous
image3539.jpg,Candle
image6667.jpg,Airplane
image6124.jpg,Jacket
image770.jpg,Snowman
image3613.jpg,Christmas_Tree
image3653.jpg,Miscellaneous
image8172.jpg,Christmas_Tree
image2391.jpg,Candle
image8118.jpg,Miscellaneous
image8099.jpg,Christmas_Tree
image8970.jpg,Jacket
image267.jpg,Christmas_Tree
image370.jpg,Miscellaneous
image4946.jpg,Snowman
image522.jpg,Christmas_Tree
image3377.jpg,Candle
image2120.jpg,Miscellaneous
image320.jpg,Candle
image4943.jpg,Miscellaneous
image6808.jpg,Christmas_Tree
image380.jpg,Miscellaneous
image1059.jpg,Miscellaneous
image3973.jpg,Miscellaneous
image7558.jpg,Snowman
image8111.jpg,Candle
image7308.jpg,Miscellaneous
image285.jpg,Miscellaneous
image731.jpg,Snowman
image5304.jpg,Miscellaneous
image1576.jpg,Miscellaneous
image5871.jpg,Miscellaneous
image142.jpg,Miscellaneous
image7415.jpg,Snowman
image2015.jpg,Christmas_Tree
image6319.jpg,Miscellaneous
image3697.jpg,Christmas_Tree
image2293.jpg,Miscellaneous
image13.jpg,Miscellaneous
image5857.jpg,Miscellaneous
image9905.jpg,Candle
image9038.jpg,Candle
image4192.jpg,Candle
image2571.jpg,Miscellaneous
image9395.jpg,Miscellaneous
image2815.jpg,Miscellaneous
image6994.jpg,Miscellaneous
image7870.jpg,Candle
image2486.jpg,Miscellaneous
image8727.jpg,Jacket
image5101.jpg,Miscellaneous
image3247.jpg,Snowman
image4322.jpg,Miscellaneous
image9223.jpg,Snowman
image8687.jpg,Jacket
image5965.jpg,Miscellaneous
image8723.jpg,Candle
image2607.jpg,Airplane
image9062.jpg,Miscellaneous
image6337.jpg,Jacket
image5644.jpg,Jacket
image8277.jpg,Snowman
image5761.jpg,Miscellaneous
image9028.jpg,Candle
image9351.jpg,Miscellaneous
image3312.jpg,Jacket
image4825.jpg,Miscellaneous
image3062.jpg,Miscellaneous
image6862.jpg,Christmas_Tree
image3148.jpg,Christmas_Tree
image6144.jpg,Candle
image6458.jpg,Christmas_Tree
image3279.jpg,Christmas_Tree
image7024.jpg,Miscellaneous
image7080.jpg,Airplane
image4465.jpg,Snowman
image7488.jpg,Jacket
image6489.jpg,Miscellaneous
image1637.jpg,Christmas_Tree
image4311.jpg,Miscellaneous
image2019.jpg,Snowman
image4060.jpg,Jacket
image8147.jpg,Snowman
image1672.jpg,Miscellaneous
image324.jpg,Snowman
image7106.jpg,Christmas_Tree
image975.jpg,Snowman
image7856.jpg,Miscellaneous
image7882.jpg,Snowman
image6253.jpg,Miscellaneous
image7279.jpg,Christmas_Tree
image5167.jpg,Miscellaneous
image5861.jpg,Miscellaneous
image5245.jpg,Snowman
image7094.jpg,Christmas_Tree
image7437.jpg,Miscellaneous
image9231.jpg,Miscellaneous
image8526.jpg,Christmas_Tree
image8892.jpg,Snowman
image8272.jpg,Jacket
image3647.jpg,Candle
image3143.jpg,Miscellaneous
image6707.jpg,Miscellaneous
image1062.jpg,Jacket
image4804.jpg,Christmas_Tree
image6107.jpg,Miscellaneous
image802.jpg,Christmas_Tree
image6754.jpg,Snowman
image1944.jpg,Miscellaneous
image7590.jpg,Miscellaneous
image8490.jpg,Miscellaneous
image9898.jpg,Miscellaneous
image5427.jpg,Miscellaneous
image2351.jpg,Snowman
image9152.jpg,Miscellaneous
image5503.jpg,Christmas_Tree
image6125.jpg,Miscellaneous
image3911.jpg,Miscellaneous
image9181.jpg,Miscellaneous
image4842.jpg,Miscellaneous
image4178.jpg,Miscellaneous
image3389.jpg,Christmas_Tree
image2992.jpg,Snowman
image7565.jpg,Miscellaneous
image3522.jpg,Miscellaneous
image7.jpg,Christmas_Tree
image505.jpg,Snowman
image2215.jpg,Snowman
image3259.jpg,Candle
image8132.jpg,Jacket
image8045.jpg,Candle
image8872.jpg,Candle
image5805.jpg,Miscellaneous
image5310.jpg,Christmas_Tree
image3586.jpg,Snowman
image2741.jpg,Miscellaneous
image3110.jpg,Jacket
image4347.jpg,Jacket
image4869.jpg,Miscellaneous
image8315.jpg,Snowman
image4535.jpg,Miscellaneous
image1479.jpg,Christmas_Tree
image4619.jpg,Miscellaneous
image5954.jpg,Christmas_Tree
image5629.jpg,Miscellaneous
image8507.jpg,Snowman
image6663.jpg,Christmas_Tree
image1280.jpg,Miscellaneous
image2756.jpg,Miscellaneous
image3882.jpg,Candle
image1193.jpg,Snowman
image4221.jpg,Miscellaneous
image7178.jpg,Jacket
image9602.jpg,Jacket
image1540.jpg,Candle
image160.jpg,Miscellaneous
image263.jpg,Candle
image4907.jpg,Christmas_Tree
image4689.jpg,Miscellaneous
image5827.jpg,Christmas_Tree
image9516.jpg,Miscellaneous
image6247.jpg,Miscellaneous
image8390.jpg,Christmas_Tree
image5632.jpg,Candle
image293.jpg,Miscellaneous
image180.jpg,Miscellaneous
image8137.jpg,Christmas_Tree
image9692.jpg,Airplane
image5631.jpg,Miscellaneous
image3095.jpg,Snowman
image3764.jpg,Christmas_Tree
image1406.jpg,Jacket
image755.jpg,Airplane
image7710.jpg,Miscellaneous
image8027.jpg,Airplane
image1265.jpg,Christmas_Tree
image6568.jpg,Christmas_Tree
image119.jpg,Snowman
image2900.jpg,Miscellaneous
image5858.jpg,Candle
image5922.jpg,Miscellaneous
image4631.jpg,Miscellaneous
image1820.jpg,Snowman
image8218.jpg,Jacket
image2774.jpg,Christmas_Tree
image8080.jpg,Snowman
image5419.jpg,Miscellaneous
image8290.jpg,Miscellaneous
image702.jpg,Snowman
image8905.jpg,Snowman
image7759.jpg,Miscellaneous
image2666.jpg,Snowman
image4463.jpg,Christmas_Tree
image4925.jpg,Christmas_Tree
image9703.jpg,Miscellaneous
image5609.jpg,Miscellaneous
image3854.jpg,Miscellaneous
image2842.jpg,Airplane
image5240.jpg,Christmas_Tree
image3392.jpg,Snowman
image8859.jpg,Miscellaneous
image5153.jpg,Miscellaneous
image5699.jpg,Christmas_Tree
image8944.jpg,Christmas_Tree
image7213.jpg,Candle
image5763.jpg,Christmas_Tree
image5269.jpg,Snowman
image7819.jpg,Christmas_Tree
image2200.jpg,Miscellaneous
image2381.jpg,Miscellaneous
image6932.jpg,Airplane
image563.jpg,Candle
image2439.jpg,Christmas_Tree
image771.jpg,Candle
image2997.jpg,Miscellaneous
image4858.jpg,Miscellaneous
image1344.jpg,Candle
image701.jpg,Christmas_Tree
image9611.jpg,Miscellaneous
image9465.jpg,Candle
image6794.jpg,Snowman
image9292.jpg,Christmas_Tree
image670.jpg,Miscellaneous
image4710.jpg,Christmas_Tree
image9499.jpg,Miscellaneous
image792.jpg,Miscellaneous
image2907.jpg,Miscellaneous
image6959.jpg,Miscellaneous
image741.jpg,Christmas_Tree
image4670.jpg,Candle
image6964.jpg,Snowman
image9331.jpg,Miscellaneous
image5424.jpg,Miscellaneous
image7045.jpg,Snowman
image804.jpg,Miscellaneous
image5596.jpg,Candle
image1095.jpg,Miscellaneous
image3507.jpg,Snowman
image4926.jpg,Candle
image7196.jpg,Candle
image4760.jpg,Miscellaneous
image8904.jpg,Miscellaneous
image3614.jpg,Candle
image326.jpg,Miscellaneous
image2229.jpg,Christmas_Tree
image9496.jpg,Snowman
image5235.jpg,Candle
image5430.jpg,Airplane
image8492.jpg,Miscellaneous
image960.jpg,Snowman
image6251.jpg,Miscellaneous
image7679.jpg,Miscellaneous
image3137.jpg,Airplane
image4656.jpg,Candle
image4452.jpg,Miscellaneous
image1257.jpg,Miscellaneous
image8474.jpg,Miscellaneous
image327.jpg,Miscellaneous
image9376.jpg,Miscellaneous
image3286.jpg,Airplane
image9530.jpg,Jacket
image1534.jpg,Candle
image3375.jpg,Miscellaneous
image2588.jpg,Miscellaneous
image462.jpg,Jacket
image7656.jpg,Miscellaneous
image2113.jpg,Miscellaneous
image5734.jpg,Candle
image7763.jpg,Miscellaneous
image5045.jpg,Miscellaneous
image6798.jpg,Jacket
image3557.jpg,Christmas_Tree
image1139.jpg,Christmas_Tree
image4694.jpg,Snowman
image1226.jpg,Christmas_Tree
image2076.jpg,Jacket
image9379.jpg,Jacket
image5711.jpg,Miscellaneous
image6384.jpg,Miscellaneous
image7111.jpg,Airplane
image636.jpg,Christmas_Tree
image6598.jpg,Miscellaneous
image2370.jpg,Miscellaneous
image5935.jpg,Christmas_Tree
image9915.jpg,Christmas_Tree
image7720.jpg,Christmas_Tree
image3827.jpg,Snowman
image3365.jpg,Snowman
image5829.jpg,Miscellaneous
image8815.jpg,Miscellaneous
image9853.jpg,Snowman
image5585.jpg,Jacket
image4093.jpg,Miscellaneous
image1738.jpg,Christmas_Tree
image33.jpg,Miscellaneous
image4281.jpg,Christmas_Tree
image8247.jpg,Jacket
image2941.jpg,Candle
image4181.jpg,Christmas_Tree
image2327.jpg,Snowman
image461.jpg,Miscellaneous
image3740.jpg,Snowman
image2413.jpg,Christmas_Tree
image3950.jpg,Snowman
image781.jpg,Jacket
image5704.jpg,Christmas_Tree
image6402.jpg,Snowman
image3537.jpg,Miscellaneous
image308.jpg,Miscellaneous
image1473.jpg,Miscellaneous
image8291.jpg,Miscellaneous
image4312.jpg,Miscellaneous
image2401.jpg,Miscellaneous
image4212.jpg,Miscellaneous
image5628.jpg,Miscellaneous
image6797.jpg,Miscellaneous
image8869.jpg,Candle
image988.jpg,Miscellaneous
image5943.jpg,Miscellaneous
image5580.jpg,Miscellaneous
image6179.jpg,Christmas_Tree
image2162.jpg,Airplane
image8981.jpg,Airplane
image8648.jpg,Christmas_Tree
image9867.jpg,Miscellaneous
image2014.jpg,Christmas_Tree
image6051.jpg,Snowman
image3605.jpg,Jacket
image1596.jpg,Snowman
image6065.jpg,Miscellaneous
image6613.jpg,Miscellaneous
image9368.jpg,Miscellaneous
image9187.jpg,Snowman
image2319.jpg,Airplane
image9606.jpg,Snowman
image7265.jpg,Jacket
image9737.jpg,Miscellaneous
image6217.jpg,Christmas_Tree
image6702.jpg,Miscellaneous
image4586.jpg,Christmas_Tree
image633.jpg,Airplane
image9042.jpg,Miscellaneous
image4692.jpg,Jacket
image6008.jpg,Miscellaneous
image9372.jpg,Airplane
image4639.jpg,Miscellaneous
image1731.jpg,Miscellaneous
image4598.jpg,Candle
image2833.jpg,Christmas_Tree
image8574.jpg,Christmas_Tree
image7535.jpg,Candle
image7640.jpg,Airplane
image8749.jpg,Miscellaneous
image2911.jpg,Airplane
image9472.jpg,Miscellaneous
image3934.jpg,Christmas_Tree
image7755.jpg,Snowman
image3683.jpg,Miscellaneous
image4274.jpg,Miscellaneous
image3577.jpg,Miscellaneous
image6919.jpg,Snowman
image4198.jpg,Snowman
image8989.jpg,Christmas_Tree
image4583.jpg,Miscellaneous
image3170.jpg,Christmas_Tree
image9653.jpg,Miscellaneous
image9071.jpg,Christmas_Tree
image222.jpg,Snowman
image5012.jpg,Miscellaneous
image7116.jpg,Christmas_Tree
image675.jpg,Christmas_Tree
image1564.jpg,Miscellaneous
image2289.jpg,Miscellaneous
image3744.jpg,Miscellaneous
image3802.jpg,Christmas_Tree
image3413.jpg,Miscellaneous
image1262.jpg,Miscellaneous
image3159.jpg,Jacket
image6090.jpg,Miscellaneous
image8002.jpg,Miscellaneous
image7698.jpg,Miscellaneous
image1058.jpg,Candle
image3983.jpg,Christmas_Tree
image5889.jpg,Miscellaneous
image4541.jpg,Miscellaneous
image246.jpg,Miscellaneous
image9030.jpg,Miscellaneous
image329.jpg,Miscellaneous
image7589.jpg,Christmas_Tree
image7029.jpg,Miscellaneous
image8182.jpg,Candle
image126.jpg,Miscellaneous
image1320.jpg,Miscellaneous
image4464.jpg,Miscellaneous
image2933.jpg,Airplane
image9064.jpg,Miscellaneous
image2386.jpg,Miscellaneous
image4765.jpg,Christmas_Tree
image6682.jpg,Miscellaneous
image5305.jpg,Snowman
image6277.jpg,Miscellaneous
image4302.jpg,Miscellaneous
image4475.jpg,Miscellaneous
image2508.jpg,Miscellaneous
image1898.jpg,Snowman
image7047.jpg,Snowman
image7290.jpg,Miscellaneous
image5576.jpg,Christmas_Tree
image6636.jpg,Christmas_Tree
image1382.jpg,Miscellaneous
image687.jpg,Snowman
image5349.jpg,Jacket
image4309.jpg,Jacket
image8966.jpg,Miscellaneous
image2482.jpg,Snowman
image8669.jpg,Miscellaneous
image1061.jpg,Miscellaneous
image9947.jpg,Miscellaneous
image7738.jpg,Christmas_Tree
image2161.jpg,Miscellaneous
image7585.jpg,Miscellaneous
image216.jpg,Snowman
image6350.jpg,Miscellaneous
image1714.jpg,Miscellaneous
image7476.jpg,Miscellaneous
image5708.jpg,Miscellaneous
image4294.jpg,Miscellaneous
image2573.jpg,Miscellaneous
image7181.jpg,Christmas_Tree
image553.jpg,Snowman
image1866.jpg,Snowman
image5039.jpg,Snowman
image8557.jpg,Snowman
image2912.jpg,Snowman
image3384.jpg,Christmas_Tree
image5054.jpg,Miscellaneous
image8994.jpg,Airplane
image1130.jpg,Jacket
image897.jpg,Snowman
image2856.jpg,Christmas_Tree
image9554.jpg,Miscellaneous
image4248.jpg,Miscellaneous
image9258.jpg,Miscellaneous
image4373.jpg,Airplane
image3971.jpg,Miscellaneous
image6152.jpg,Miscellaneous
image7322.jpg,Christmas_Tree
